try_id,sigma,g_n,i,delta,kappa_min,kappa_max,kappa_star,r_star,d_star,omega_star,backbone_ok,reason
1,2.25,0.05,0.025,0.03,0.02,0.25,0.18,0.12755595243948226,-2.1400178597767017,0.7664995535055825,FALSE,d_star_negative|omega_outside_target_band
2,2.25,0.05,0.025,0.03,0.02,0.35,0.18,0.09797917927278552,-0.8090630672753485,0.7997734233181162,FALSE,d_star_negative|omega_outside_target_band
3,2.25,0.05,0.025,0.03,0.02,0.45,0.18,0.08255839520784841,-0.11512778435317839,0.8171218053911705,FALSE,d_star_negative|omega_outside_target_band
4,2.25,0.05,0.025,0.04,0.02,0.25,0.20249999999999999,0.1448673487327317,-2.4690306929729258,0.7357742326756769,FALSE,d_star_negative|omega_outside_target_band
5,2.25,0.05,0.025,0.04,0.02,0.35,0.20249999999999999,0.10709739990808907,-0.7693829958640086,0.7782654251033999,FALSE,d_star_negative|omega_outside_target_band
6,2.25,0.05,0.025,0.04,0.02,0.45,0.20249999999999999,0.08984465303379338,0.006990613479297414,0.7976747653369824,FALSE,omega_outside_target_band
7,2.25,0.05,0.025,0.05,0.02,0.25,0.225,0.17013780514234028,-3.1562012314053125,0.6960949692148672,FALSE,d_star_negative
8,2.25,0.05,0.025,0.05,0.02,0.35,0.225,0.11648987472787026,-0.7420443627541612,0.7564488909311459,FALSE,d_star_negative|omega_outside_target_band
9,2.25,0.05,0.025,0.05,0.02,0.45,0.225,0.09689698589779962,0.1396356345990174,0.7784908908649755,FALSE,omega_outside_target_band
10,2.25,0.05,0.025,0.06,0.02,0.25,0.2475,0.2503619835505615,-6.316289259775268,0.5945927685056183,FALSE,d_star_negative|omega_outside_target_band
11,2.25,0.05,0.025,0.06,0.02,0.35,0.2475,0.12657624799375142,-0.7459311597188134,0.7338517210070297,FALSE,d_star_negative|omega_outside_target_band
12,2.25,0.05,0.025,0.06,0.02,0.45,0.2475,0.10388034506148039,0.2753844722333826,0.7593846118058346,FALSE,omega_outside_target_band
13,2.25,0.05,0.030000000000000002,0.03,0.02,0.25,0.18,0.12755595243948226,-2.1400178597767017,0.7771996428044661,FALSE,d_star_negative|omega_outside_target_band
14,2.25,0.05,0.030000000000000002,0.03,0.02,0.35,0.18,0.09797917927278552,-0.8090630672753485,0.803818738654493,FALSE,d_star_negative|omega_outside_target_band
15,2.25,0.05,0.030000000000000002,0.03,0.02,0.45,0.18,0.08255839520784841,-0.11512778435317839,0.81769744431293645,FALSE,d_star_negative|omega_outside_target_band
16,2.25,0.05,0.030000000000000002,0.04,0.02,0.25,0.20249999999999999,0.1448673487327317,-2.4690306929729258,0.7481193861405415,FALSE,d_star_negative|omega_outside_target_band
17,2.25,0.05,0.030000000000000002,0.04,0.02,0.35,0.20249999999999999,0.10709739990808907,-0.7693829958640086,0.7821123400827198,FALSE,d_star_negative|omega_outside_target_band
18,2.25,0.05,0.030000000000000002,0.04,0.02,0.45,0.20249999999999999,0.08984465303379338,0.006990613479297414,0.797639812269586,FALSE,omega_outside_target_band
19,2.25,0.05,0.030000000000000002,0.05,0.02,0.25,0.225,0.17013780514234028,-3.1562012314053125,0.7118759753718937,FALSE,d_star_negative|omega_outside_target_band
20,2.25,0.05,0.030000000000000002,0.05,0.02,0.35,0.225,0.11648987472787026,-0.7420443627541612,0.7601591127449169,FALSE,d_star_negative|omega_outside_target_band
21,2.25,0.05,0.030000000000000002,0.05,0.02,0.45,0.225,0.09689698589779962,0.1396356345990174,0.7777927126919804,FALSE,omega_outside_target_band
22,2.25,0.05,0.030000000000000002,0.06,0.02,0.25,0.2475,0.2503619835505615,-6.316289259775268,0.6261742148044946,FALSE,d_star_negative
23,2.25,0.05,0.030000000000000002,0.06,0.02,0.35,0.2475,0.12657624799375142,-0.7459311597188134,0.7375813768056239,FALSE,d_star_negative|omega_outside_target_band
24,2.25,0.05,0.030000000000000002,0.06,0.02,0.45,0.2475,0.10388034506148039,0.2753844722333826,0.7580076894446677,FALSE,omega_outside_target_band
25,2.25,0.05,0.035,0.03,0.02,0.25,0.18,0.12755595243948226,-2.1400178597767017,0.7878997321033496,FALSE,d_star_negative|omega_outside_target_band
26,2.25,0.05,0.035,0.03,0.02,0.35,0.18,0.09797917927278552,-0.8090630672753485,0.8078640539908697,FALSE,d_star_negative|omega_outside_target_band
27,2.25,0.05,0.035,0.03,0.02,0.45,0.18,0.08255839520784841,-0.11512778435317839,0.8182730832347024,FALSE,d_star_negative|omega_outside_target_band
28,2.25,0.05,0.035,0.04,0.02,0.25,0.20249999999999999,0.1448673487327317,-2.4690306929729258,0.7604645396054062,FALSE,d_star_negative|omega_outside_target_band
29,2.25,0.05,0.035,0.04,0.02,0.35,0.20249999999999999,0.10709739990808907,-0.7693829958640086,0.7859592550620399,FALSE,d_star_negative|omega_outside_target_band
30,2.25,0.05,0.035,0.04,0.02,0.45,0.20249999999999999,0.08984465303379338,0.006990613479297414,0.7976048592021895,FALSE,omega_outside_target_band
31,2.25,0.05,0.035,0.05,0.02,0.25,0.225,0.17013780514234028,-3.1562012314053125,0.7276569815289202,FALSE,d_star_negative|omega_outside_target_band
32,2.25,0.05,0.035,0.05,0.02,0.35,0.225,0.11648987472787026,-0.7420443627541612,0.7638693345586877,FALSE,d_star_negative|omega_outside_target_band
33,2.25,0.05,0.035,0.05,0.02,0.45,0.225,0.09689698589779962,0.1396356345990174,0.7770945345189852,FALSE,omega_outside_target_band
34,2.25,0.05,0.035,0.06,0.02,0.25,0.2475,0.2503619835505615,-6.316289259775268,0.657755661103371,FALSE,d_star_negative
35,2.25,0.05,0.035,0.06,0.02,0.35,0.2475,0.12657624799375142,-0.7459311597188134,0.7413110326042178,FALSE,d_star_negative|omega_outside_target_band
36,2.25,0.05,0.035,0.06,0.02,0.45,0.2475,0.10388034506148039,0.2753844722333826,0.7566307670835007,FALSE,omega_outside_target_band
37,2.25,0.05,0.04,0.03,0.02,0.25,0.18,0.12755595243948226,-2.1400178597767017,0.798599821402233,FALSE,d_star_negative|omega_outside_target_band
38,2.25,0.05,0.04,0.03,0.02,0.35,0.18,0.09797917927278552,-0.8090630672753485,0.8119093693272466,FALSE,d_star_negative|omega_outside_target_band
39,2.25,0.05,0.04,0.03,0.02,0.45,0.18,0.08255839520784841,-0.11512778435317839,0.8188487221564683,FALSE,d_star_negative|omega_outside_target_band
40,2.25,0.05,0.04,0.04,0.02,0.25,0.20249999999999999,0.1448673487327317,-2.4690306929729258,0.7728096930702706,FALSE,d_star_negative|omega_outside_target_band
41,2.25,0.05,0.04,0.04,0.02,0.35,0.20249999999999999,0.10709739990808907,-0.7693829958640086,0.78980617004136,FALSE,d_star_negative|omega_outside_target_band
42,2.25,0.05,0.04,0.04,0.02,0.45,0.20249999999999999,0.08984465303379338,0.006990613479297414,0.7975699061347931,FALSE,omega_outside_target_band
43,2.25,0.05,0.04,0.05,0.02,0.25,0.225,0.17013780514234028,-3.1562012314053125,0.7434379876859469,FALSE,d_star_negative|omega_outside_target_band
44,2.25,0.05,0.04,0.05,0.02,0.35,0.225,0.11648987472787026,-0.7420443627541612,0.7675795563724584,FALSE,d_star_negative|omega_outside_target_band
45,2.25,0.05,0.04,0.05,0.02,0.45,0.225,0.09689698589779962,0.1396356345990174,0.7763963563459901,FALSE,omega_outside_target_band
46,2.25,0.05,0.04,0.06,0.02,0.25,0.2475,0.2503619835505615,-6.316289259775268,0.6893371074022472,FALSE,d_star_negative
47,2.25,0.05,0.04,0.06,0.02,0.35,0.2475,0.12657624799375142,-0.7459311597188134,0.745040688402812,FALSE,d_star_negative|omega_outside_target_band
48,2.25,0.05,0.04,0.06,0.02,0.45,0.2475,0.10388034506148039,0.2753844722333826,0.7552538447223338,FALSE,omega_outside_target_band
49,2.25,0.060000000000000005,0.025,0.03,0.02,0.25,0.20249999999999999,0.1448673487327317,-2.0575255774774384,0.7254866047882895,FALSE,d_star_negative|omega_outside_target_band
50,2.25,0.060000000000000005,0.025,0.03,0.02,0.35,0.20249999999999999,0.10709739990808907,-0.6411524965533405,0.7750596626206331,FALSE,d_star_negative|omega_outside_target_band
51,2.25,0.060000000000000005,0.025,0.03,0.02,0.45,0.20249999999999999,0.08984465303379338,0.005825511232747845,0.7977038928931462,FALSE,omega_outside_target_band
52,2.25,0.060000000000000005,0.025,0.04,0.02,0.25,0.225,0.17013780514234028,-2.6301676928377606,0.6829441307506783,FALSE,d_star_negative
53,2.25,0.060000000000000005,0.025,0.04,0.02,0.35,0.225,0.11648987472787026,-0.6183703022951342,0.7533570394196704,FALSE,d_star_negative|omega_outside_target_band
54,2.25,0.060000000000000005,0.025,0.04,0.02,0.45,0.225,0.09689698589779962,0.1163630288325145,0.779072706009138,FALSE,omega_outside_target_band
55,2.25,0.060000000000000005,0.025,0.05,0.02,0.25,0.24750000000000003,0.25036198355056183,-5.263574383146067,0.5682748965898876,FALSE,d_star_negative|omega_outside_target_band
56,2.25,0.060000000000000005,0.025,0.05,0.02,0.35,0.24750000000000003,0.12657624799375145,-0.6216092997656782,0.7307436745082013,FALSE,d_star_negative|omega_outside_target_band
57,2.25,0.060000000000000005,0.025,0.05,0.02,0.45,0.24750000000000003,0.10388034506148039,0.22948706019448592,0.760532047106807,FALSE,omega_outside_target_band
58,2.25,0.060000000000000005,0.025,0.06,0.02,0.25,0.27,NA,NA,NA,FALSE,kappa_star_out_of_bounds
59,2.25,0.060000000000000005,0.025,0.06,0.02,0.35,0.27,0.13798114277294551,-0.6742928539854568,0.7063997501105089,FALSE,d_star_negative|omega_outside_target_band
60,2.25,0.060000000000000005,0.025,0.06,0.02,0.45,0.27,0.11095013556573455,0.33936991628495483,0.7418779470699735,FALSE,omega_outside_target_band
61,2.25,0.060000000000000005,0.030000000000000002,0.03,0.02,0.25,0.20249999999999999,0.1448673487327317,-2.0575255774774384,0.7357742326756769,FALSE,d_star_negative|omega_outside_target_band
62,2.25,0.060000000000000005,0.030000000000000002,0.03,0.02,0.35,0.20249999999999999,0.10709739990808907,-0.6411524965533405,0.7782654251033999,FALSE,d_star_negative|omega_outside_target_band
63,2.25,0.060000000000000005,0.030000000000000002,0.03,0.02,0.45,0.20249999999999999,0.08984465303379338,0.005825511232747845,0.7976747653369824,FALSE,omega_outside_target_band
64,2.25,0.060000000000000005,0.030000000000000002,0.04,0.02,0.25,0.225,0.17013780514234028,-2.6301676928377606,0.6960949692148672,FALSE,d_star_negative
65,2.25,0.060000000000000005,0.030000000000000002,0.04,0.02,0.35,0.225,0.11648987472787026,-0.6183703022951342,0.7564488909311459,FALSE,d_star_negative|omega_outside_target_band
66,2.25,0.060000000000000005,0.030000000000000002,0.04,0.02,0.45,0.225,0.09689698589779962,0.1163630288325145,0.7784908908649755,FALSE,omega_outside_target_band
67,2.25,0.060000000000000005,0.030000000000000002,0.05,0.02,0.25,0.24750000000000003,0.25036198355056183,-5.263574383146067,0.594592768505618,FALSE,d_star_negative|omega_outside_target_band
68,2.25,0.060000000000000005,0.030000000000000002,0.05,0.02,0.35,0.24750000000000003,0.12657624799375145,-0.6216092997656782,0.7338517210070296,FALSE,d_star_negative|omega_outside_target_band
69,2.25,0.060000000000000005,0.030000000000000002,0.05,0.02,0.45,0.24750000000000003,0.10388034506148039,0.22948706019448592,0.7593846118058346,FALSE,omega_outside_target_band
70,2.25,0.060000000000000005,0.030000000000000002,0.06,0.02,0.25,0.27,NA,NA,NA,FALSE,kappa_star_out_of_bounds
71,2.25,0.060000000000000005,0.030000000000000002,0.06,0.02,0.35,0.27,0.13798114277294551,-0.6742928539854568,0.7097712143804363,FALSE,d_star_negative|omega_outside_target_band
72,2.25,0.060000000000000005,0.030000000000000002,0.06,0.02,0.45,0.27,0.11095013556573455,0.33936991628495483,0.7401810974885485,FALSE,omega_outside_target_band
73,2.25,0.060000000000000005,0.035,0.03,0.02,0.25,0.20249999999999999,0.1448673487327317,-2.0575255774774384,0.746061860563064,FALSE,d_star_negative|omega_outside_target_band
74,2.25,0.060000000000000005,0.035,0.03,0.02,0.35,0.20249999999999999,0.10709739990808907,-0.6411524965533405,0.7814711875861665,FALSE,d_star_negative|omega_outside_target_band
75,2.25,0.060000000000000005,0.035,0.03,0.02,0.45,0.20249999999999999,0.08984465303379338,0.005825511232747845,0.7976456377808188,FALSE,omega_outside_target_band
76,2.25,0.060000000000000005,0.035,0.04,0.02,0.25,0.225,0.17013780514234028,-2.6301676928377606,0.709245807679056,FALSE,d_star_negative|omega_outside_target_band
77,2.25,0.060000000000000005,0.035,0.04,0.02,0.35,0.225,0.11648987472787026,-0.6183703022951342,0.7595407424426216,FALSE,d_star_negative|omega_outside_target_band
78,2.25,0.060000000000000005,0.035,0.04,0.02,0.45,0.225,0.09689698589779962,0.1163630288325145,0.7779090757208129,FALSE,omega_outside_target_band
79,2.25,0.060000000000000005,0.035,0.05,0.02,0.25,0.24750000000000003,0.25036198355056183,-5.263574383146067,0.6209106404213482,FALSE,d_star_negative
80,2.25,0.060000000000000005,0.035,0.05,0.02,0.35,0.24750000000000003,0.12657624799375145,-0.6216092997656782,0.736959767505858,FALSE,d_star_negative|omega_outside_target_band
81,2.25,0.060000000000000005,0.035,0.05,0.02,0.45,0.24750000000000003,0.10388034506148039,0.22948706019448592,0.7582371765048621,FALSE,omega_outside_target_band
82,2.25,0.060000000000000005,0.035,0.06,0.02,0.25,0.27,NA,NA,NA,FALSE,kappa_star_out_of_bounds
83,2.25,0.060000000000000005,0.035,0.06,0.02,0.35,0.27,0.13798114277294551,-0.6742928539854568,0.7131426786503635,FALSE,d_star_negative|omega_outside_target_band
84,2.25,0.060000000000000005,0.035,0.06,0.02,0.45,0.27,0.11095013556573455,0.33936991628495483,0.7384842479071239,FALSE,omega_outside_target_band
85,2.25,0.060000000000000005,0.04,0.03,0.02,0.25,0.20249999999999999,0.1448673487327317,-2.0575255774774384,0.7563494884504511,FALSE,d_star_negative|omega_outside_target_band
86,2.25,0.060000000000000005,0.04,0.03,0.02,0.35,0.20249999999999999,0.10709739990808907,-0.6411524965533405,0.7846769500689333,FALSE,d_star_negative|omega_outside_target_band
87,2.25,0.060000000000000005,0.04,0.03,0.02,0.45,0.20249999999999999,0.08984465303379338,0.005825511232747845,0.797616510224655,FALSE,omega_outside_target_band
88,2.25,0.060000000000000005,0.04,0.04,0.02,0.25,0.225,0.17013780514234028,-2.6301676928377606,0.7223966461432447,FALSE,d_star_negative|omega_outside_target_band
89,2.25,0.060000000000000005,0.04,0.04,0.02,0.35,0.225,0.11648987472787026,-0.6183703022951342,0.7626325939540973,FALSE,d_star_negative|omega_outside_target_band
90,2.25,0.060000000000000005,0.04,0.04,0.02,0.45,0.225,0.09689698589779962,0.1163630288325145,0.7773272605766504,FALSE,omega_outside_target_band
91,2.25,0.060000000000000005,0.04,0.05,0.02,0.25,0.24750000000000003,0.25036198355056183,-5.263574383146067,0.6472285123370787,FALSE,d_star_negative
92,2.25,0.060000000000000005,0.04,0.05,0.02,0.35,0.24750000000000003,0.12657624799375145,-0.6216092997656782,0.7400678140046865,FALSE,d_star_negative|omega_outside_target_band
93,2.25,0.060000000000000005,0.04,0.05,0.02,0.45,0.24750000000000003,0.10388034506148039,0.22948706019448592,0.7570897412038897,FALSE,omega_outside_target_band
94,2.25,0.060000000000000005,0.04,0.06,0.02,0.25,0.27,NA,NA,NA,FALSE,kappa_star_out_of_bounds
95,2.25,0.060000000000000005,0.04,0.06,0.02,0.35,0.27,0.13798114277294551,-0.6742928539854568,0.7165141429202909,FALSE,d_star_negative|omega_outside_target_band
96,2.25,0.060000000000000005,0.04,0.06,0.02,0.45,0.27,0.11095013556573455,0.33936991628495483,0.7367873983256992,FALSE,omega_outside_target_band
97,2.25,0.07,0.025,0.03,0.02,0.25,0.225,0.17013780514234028,-2.2544294510037948,0.6735506747048292,FALSE,d_star_negative
98,2.25,0.07,0.025,0.03,0.02,0.35,0.225,0.11648987472787026,-0.5300316876815436,0.7511485740543306,FALSE,d_star_negative|omega_outside_target_band
99,2.25,0.07,0.025,0.03,0.02,0.45,0.225,0.09689698589779962,0.09973973899929814,0.7794882882549685,FALSE,omega_outside_target_band
100,2.25,0.07,0.025,0.04,0.02,0.25,0.24750000000000003,0.25036198355056183,-4.5116351855537715,0.5494764166500803,FALSE,d_star_negative|omega_outside_target_band
101,2.25,0.07,0.025,0.04,0.02,0.35,0.24750000000000003,0.12657624799375145,-0.5328079712277242,0.7285236412947523,FALSE,d_star_negative|omega_outside_target_band
102,2.25,0.07,0.025,0.04,0.02,0.45,0.24750000000000003,0.10388034506148039,0.19670319445241652,0.7613516437503588,FALSE,omega_outside_target_band
103,2.25,0.07,0.025,0.05,0.02,0.25,0.27,NA,NA,NA,FALSE,kappa_star_out_of_bounds
104,2.25,0.07,0.025,0.05,0.02,0.35,0.27,0.13798114277294551,-0.5779653034161059,0.7039915613462752,FALSE,d_star_negative|omega_outside_target_band
105,2.25,0.07,0.025,0.05,0.02,0.45,0.27,0.11095013556573455,0.29088849967281843,0.7430899824852768,FALSE,omega_outside_target_band
106,2.25,0.07,0.025,0.06,0.02,0.25,0.2925,NA,NA,NA,FALSE,kappa_star_out_of_bounds
107,2.25,0.07,0.025,0.06,0.02,0.35,0.2925,0.1518617888766665,-0.7027003567499943,0.6758784839462504,FALSE,d_star_negative
108,2.25,0.07,0.025,0.06,0.02,0.45,0.2925,0.1182737718612537,0.3769144758882736,0.7244611514149724,FALSE,omega_outside_target_band
109,2.25,0.07,0.030000000000000002,0.03,0.02,0.25,0.225,0.17013780514234028,-2.2544294510037948,0.6848228219598482,FALSE,d_star_negative
110,2.25,0.07,0.030000000000000002,0.03,0.02,0.35,0.225,0.11648987472787026,-0.5300316876815436,0.7537987324927383,FALSE,d_star_negative|omega_outside_target_band
111,2.25,0.07,0.030000000000000002,0.03,0.02,0.45,0.225,0.09689698589779962,0.09973973899929814,0.7789895895599719,FALSE,omega_outside_target_band
112,2.25,0.07,0.030000000000000002,0.04,0.02,0.25,0.24750000000000003,0.25036198355056183,-4.5116351855537715,0.5720345925778492,FALSE,d_star_negative|omega_outside_target_band
113,2.25,0.07,0.030000000000000002,0.04,0.02,0.35,0.24750000000000003,0.12657624799375145,-0.5328079712277242,0.731187681150891,FALSE,d_star_negative|omega_outside_target_band
114,2.25,0.07,0.030000000000000002,0.04,0.02,0.45,0.24750000000000003,0.10388034506148039,0.19670319445241652,0.7603681277780967,FALSE,omega_outside_target_band
115,2.25,0.07,0.030000000000000002,0.05,0.02,0.25,0.27,NA,NA,NA,FALSE,kappa_star_out_of_bounds
116,2.25,0.07,0.030000000000000002,0.05,0.02,0.35,0.27,0.13798114277294551,-0.5779653034161059,0.7068813878633559,FALSE,d_star_negative|omega_outside_target_band
117,2.25,0.07,0.030000000000000002,0.05,0.02,0.45,0.27,0.11095013556573455,0.29088849967281843,0.7416355399869128,FALSE,omega_outside_target_band
118,2.25,0.07,0.030000000000000002,0.06,0.02,0.25,0.2925,NA,NA,NA,FALSE,kappa_star_out_of_bounds
119,2.25,0.07,0.030000000000000002,0.06,0.02,0.35,0.2925,0.1518617888766665,-0.7027003567499943,0.6793919857300004,FALSE,d_star_negative
120,2.25,0.07,0.030000000000000002,0.06,0.02,0.45,0.2925,0.1182737718612537,0.3769144758882736,0.722576579035531,FALSE,omega_outside_target_band
121,2.25,0.07,0.035,0.03,0.02,0.25,0.225,0.17013780514234028,-2.2544294510037948,0.6960949692148672,FALSE,d_star_negative
122,2.25,0.07,0.035,0.03,0.02,0.35,0.225,0.11648987472787026,-0.5300316876815436,0.7564488909311459,FALSE,d_star_negative|omega_outside_target_band
123,2.25,0.07,0.035,0.03,0.02,0.45,0.225,0.09689698589779962,0.09973973899929814,0.7784908908649755,FALSE,omega_outside_target_band
124,2.25,0.07,0.035,0.04,0.02,0.25,0.24750000000000003,0.25036198355056183,-4.5116351855537715,0.594592768505618,FALSE,d_star_negative|omega_outside_target_band
125,2.25,0.07,0.035,0.04,0.02,0.35,0.24750000000000003,0.12657624799375145,-0.5328079712277242,0.7338517210070296,FALSE,d_star_negative|omega_outside_target_band
126,2.25,0.07,0.035,0.04,0.02,0.45,0.24750000000000003,0.10388034506148039,0.19670319445241652,0.7593846118058346,FALSE,omega_outside_target_band
127,2.25,0.07,0.035,0.05,0.02,0.25,0.27,NA,NA,NA,FALSE,kappa_star_out_of_bounds
128,2.25,0.07,0.035,0.05,0.02,0.35,0.27,0.13798114277294551,-0.5779653034161059,0.7097712143804363,FALSE,d_star_negative|omega_outside_target_band
129,2.25,0.07,0.035,0.05,0.02,0.45,0.27,0.11095013556573455,0.29088849967281843,0.7401810974885485,FALSE,omega_outside_target_band
130,2.25,0.07,0.035,0.06,0.02,0.25,0.2925,NA,NA,NA,FALSE,kappa_star_out_of_bounds
131,2.25,0.07,0.035,0.06,0.02,0.35,0.2925,0.1518617888766665,-0.7027003567499943,0.6829054875137504,FALSE,d_star_negative
132,2.25,0.07,0.035,0.06,0.02,0.45,0.2925,0.1182737718612537,0.3769144758882736,0.7206920066560896,FALSE,omega_outside_target_band
133,2.25,0.07,0.04,0.03,0.02,0.25,0.225,0.17013780514234028,-2.2544294510037948,0.707367116469886,FALSE,d_star_negative|omega_outside_target_band
134,2.25,0.07,0.04,0.03,0.02,0.35,0.225,0.11648987472787026,-0.5300316876815436,0.7590990493695536,FALSE,d_star_negative|omega_outside_target_band
135,2.25,0.07,0.04,0.03,0.02,0.45,0.225,0.09689698589779962,0.09973973899929814,0.7779921921699788,FALSE,omega_outside_target_band
136,2.25,0.07,0.04,0.04,0.02,0.25,0.24750000000000003,0.25036198355056183,-4.5116351855537715,0.6171509444333867,FALSE,d_star_negative|omega_outside_target_band
137,2.25,0.07,0.04,0.04,0.02,0.35,0.24750000000000003,0.12657624799375145,-0.5328079712277242,0.7365157608631682,FALSE,d_star_negative|omega_outside_target_band
138,2.25,0.07,0.04,0.04,0.02,0.45,0.24750000000000003,0.10388034506148039,0.19670319445241652,0.7584010958335725,FALSE,omega_outside_target_band
139,2.25,0.07,0.04,0.05,0.02,0.25,0.27,NA,NA,NA,FALSE,kappa_star_out_of_bounds
140,2.25,0.07,0.04,0.05,0.02,0.35,0.27,0.13798114277294551,-0.5779653034161059,0.7126610408975168,FALSE,d_star_negative|omega_outside_target_band
141,2.25,0.07,0.04,0.05,0.02,0.45,0.27,0.11095013556573455,0.29088849967281843,0.7387266549901845,FALSE,omega_outside_target_band
142,2.25,0.07,0.04,0.06,0.02,0.25,0.2925,NA,NA,NA,FALSE,kappa_star_out_of_bounds
143,2.25,0.07,0.04,0.06,0.02,0.35,0.2925,0.1518617888766665,-0.7027003567499943,0.6864189892975003,FALSE,d_star_negative
144,2.25,0.07,0.04,0.06,0.02,0.45,0.2925,0.1182737718612537,0.3769144758882736,0.7188074342766482,FALSE,omega_outside_target_band
145,2.25,0.08,0.025,0.03,0.02,0.25,0.2475,0.2503619835505615,-3.9476807873595425,0.5353775566952252,FALSE,d_star_negative|omega_outside_target_band
146,2.25,0.08,0.025,0.03,0.02,0.35,0.2475,0.12657624799375142,-0.4662069748242584,0.7268586163846658,FALSE,d_star_negative|omega_outside_target_band
147,2.25,0.08,0.025,0.03,0.02,0.45,0.2475,0.10388034506148039,0.1721152951458641,0.7619663412330225,FALSE,omega_outside_target_band
148,2.25,0.08,0.025,0.04,0.02,0.25,0.27,NA,NA,NA,FALSE,kappa_star_out_of_bounds
149,2.25,0.08,0.025,0.04,0.02,0.35,0.27,0.13798114277294551,-0.5057196404890926,0.7021854197730998,FALSE,d_star_negative|omega_outside_target_band
150,2.25,0.08,0.025,0.04,0.02,0.45,0.27,0.11095013556573455,0.2545274372137161,0.7439990090467543,FALSE,omega_outside_target_band
151,2.25,0.08,0.025,0.05,0.02,0.25,0.2925,NA,NA,NA,FALSE,kappa_star_out_of_bounds
152,2.25,0.08,0.025,0.05,0.02,0.35,0.2925,0.1518617888766665,-0.614862812156245,0.6736825453314066,FALSE,d_star_negative
153,2.25,0.08,0.025,0.05,0.02,0.45,0.2925,0.1182737718612537,0.3298001664022394,0.7256390091521232,FALSE,omega_outside_target_band
154,2.25,0.08,0.025,0.06,0.02,0.25,0.31500000000000006,NA,NA,NA,FALSE,kappa_star_out_of_bounds
155,2.25,0.08,0.025,0.06,0.02,0.35,0.31500000000000006,0.17105424316168027,-0.8734005889222574,0.6369629676092757,FALSE,d_star_negative
156,2.25,0.08,0.025,0.06,0.02,0.45,0.31500000000000006,0.12605668593004637,0.3921557082174468,0.7065685639519595,FALSE,omega_outside_target_band
157,2.25,0.08,0.030000000000000002,0.03,0.02,0.25,0.2475,0.2503619835505615,-3.9476807873595425,0.5551159606320228,FALSE,d_star_negative|omega_outside_target_band
158,2.25,0.08,0.030000000000000002,0.03,0.02,0.35,0.2475,0.12657624799375142,-0.4662069748242584,0.7291896512587872,FALSE,d_star_negative|omega_outside_target_band
159,2.25,0.08,0.030000000000000002,0.03,0.02,0.45,0.2475,0.10388034506148039,0.1721152951458641,0.7611057647572932,FALSE,omega_outside_target_band
160,2.25,0.08,0.030000000000000002,0.04,0.02,0.25,0.27,NA,NA,NA,FALSE,kappa_star_out_of_bounds
161,2.25,0.08,0.030000000000000002,0.04,0.02,0.35,0.27,0.13798114277294551,-0.5057196404890926,0.7047140179755454,FALSE,d_star_negative|omega_outside_target_band
162,2.25,0.08,0.030000000000000002,0.04,0.02,0.45,0.27,0.11095013556573455,0.2545274372137161,0.7427263718606858,FALSE,omega_outside_target_band
163,2.25,0.08,0.030000000000000002,0.05,0.02,0.25,0.2925,NA,NA,NA,FALSE,kappa_star_out_of_bounds
164,2.25,0.08,0.030000000000000002,0.05,0.02,0.35,0.2925,0.1518617888766665,-0.614862812156245,0.6767568593921878,FALSE,d_star_negative
165,2.25,0.08,0.030000000000000002,0.05,0.02,0.45,0.2925,0.1182737718612537,0.3298001664022394,0.7239900083201121,FALSE,omega_outside_target_band
166,2.25,0.08,0.030000000000000002,0.06,0.02,0.25,0.31500000000000006,NA,NA,NA,FALSE,kappa_star_out_of_bounds
167,2.25,0.08,0.030000000000000002,0.06,0.02,0.35,0.31500000000000006,0.17105424316168027,-0.8734005889222574,0.6413299705538872,FALSE,d_star_negative
168,2.25,0.08,0.030000000000000002,0.06,0.02,0.45,0.31500000000000006,0.12605668593004637,0.3921557082174468,0.7046077854108723,FALSE,omega_outside_target_band
169,2.25,0.08,0.035,0.03,0.02,0.25,0.2475,0.2503619835505615,-3.9476807873595425,0.5748543645688207,FALSE,d_star_negative|omega_outside_target_band
170,2.25,0.08,0.035,0.03,0.02,0.35,0.2475,0.12657624799375142,-0.4662069748242584,0.7315206861329084,FALSE,d_star_negative|omega_outside_target_band
171,2.25,0.08,0.035,0.03,0.02,0.45,0.2475,0.10388034506148039,0.1721152951458641,0.760245188281564,FALSE,omega_outside_target_band
172,2.25,0.08,0.035,0.04,0.02,0.25,0.27,NA,NA,NA,FALSE,kappa_star_out_of_bounds
173,2.25,0.08,0.035,0.04,0.02,0.35,0.27,0.13798114277294551,-0.5057196404890926,0.7072426161779909,FALSE,d_star_negative|omega_outside_target_band
174,2.25,0.08,0.035,0.04,0.02,0.45,0.27,0.11095013556573455,0.2545274372137161,0.7414537346746173,FALSE,omega_outside_target_band
175,2.25,0.08,0.035,0.05,0.02,0.25,0.2925,NA,NA,NA,FALSE,kappa_star_out_of_bounds
176,2.25,0.08,0.035,0.05,0.02,0.35,0.2925,0.1518617888766665,-0.614862812156245,0.679831173452969,FALSE,d_star_negative
177,2.25,0.08,0.035,0.05,0.02,0.45,0.2925,0.1182737718612537,0.3298001664022394,0.7223410074881007,FALSE,omega_outside_target_band
178,2.25,0.08,0.035,0.06,0.02,0.25,0.31500000000000006,NA,NA,NA,FALSE,kappa_star_out_of_bounds
179,2.25,0.08,0.035,0.06,0.02,0.35,0.31500000000000006,0.17105424316168027,-0.8734005889222574,0.6456969734984984,FALSE,d_star_negative
180,2.25,0.08,0.035,0.06,0.02,0.45,0.31500000000000006,0.12605668593004637,0.3921557082174468,0.7026470068697851,FALSE,omega_outside_target_band
181,2.25,0.08,0.04,0.03,0.02,0.25,0.2475,0.2503619835505615,-3.9476807873595425,0.5945927685056183,FALSE,d_star_negative|omega_outside_target_band
182,2.25,0.08,0.04,0.03,0.02,0.35,0.2475,0.12657624799375142,-0.4662069748242584,0.7338517210070297,FALSE,d_star_negative|omega_outside_target_band
183,2.25,0.08,0.04,0.03,0.02,0.45,0.2475,0.10388034506148039,0.1721152951458641,0.7593846118058346,FALSE,omega_outside_target_band
184,2.25,0.08,0.04,0.04,0.02,0.25,0.27,NA,NA,NA,FALSE,kappa_star_out_of_bounds
185,2.25,0.08,0.04,0.04,0.02,0.35,0.27,0.13798114277294551,-0.5057196404890926,0.7097712143804363,FALSE,d_star_negative|omega_outside_target_band
186,2.25,0.08,0.04,0.04,0.02,0.45,0.27,0.11095013556573455,0.2545274372137161,0.7401810974885485,FALSE,omega_outside_target_band
187,2.25,0.08,0.04,0.05,0.02,0.25,0.2925,NA,NA,NA,FALSE,kappa_star_out_of_bounds
188,2.25,0.08,0.04,0.05,0.02,0.35,0.2925,0.1518617888766665,-0.614862812156245,0.6829054875137504,FALSE,d_star_negative
189,2.25,0.08,0.04,0.05,0.02,0.45,0.2925,0.1182737718612537,0.3298001664022394,0.7206920066560896,FALSE,omega_outside_target_band
190,2.25,0.08,0.04,0.06,0.02,0.25,0.31500000000000006,NA,NA,NA,FALSE,kappa_star_out_of_bounds
191,2.25,0.08,0.04,0.06,0.02,0.35,0.31500000000000006,0.17105424316168027,-0.8734005889222574,0.6500639764431096,FALSE,d_star_negative
192,2.25,0.08,0.04,0.06,0.02,0.45,0.31500000000000006,0.12605668593004637,0.3921557082174468,0.7006862283286979,FALSE,omega_outside_target_band
193,2.35,0.05,0.025,0.03,0.02,0.25,0.188,0.13322765314527224,-2.501699697827795,0.7494575075543053,FALSE,d_star_negative|omega_outside_target_band
194,2.35,0.05,0.025,0.03,0.02,0.35,0.188,0.10121225480569584,-0.9969759758677049,0.7870756006033073,FALSE,d_star_negative|omega_outside_target_band
195,2.35,0.05,0.025,0.03,0.02,0.45,0.188,0.08518731585473875,-0.24380384517272147,0.8059049038706819,FALSE,d_star_negative|omega_outside_target_band
196,2.35,0.05,0.025,0.04,0.02,0.25,0.2115,0.15347431891089874,-2.983292988812241,0.7139176752796941,FALSE,d_star_negative|omega_outside_target_band
197,2.35,0.05,0.025,0.04,0.02,0.35,0.2115,0.11080058276644361,-0.9776273900228499,0.7640593152494286,FALSE,d_star_negative|omega_outside_target_band
198,2.35,0.05,0.025,0.04,0.02,0.45,0.2115,0.09268394994307684,-0.12614564732461198,0.7853463588168846,FALSE,d_star_negative|omega_outside_target_band
199,2.35,0.05,0.025,0.05,0.02,0.25,0.23500000000000001,0.1887529275675151,-4.17138759567321,0.6607153101081696,FALSE,d_star_negative
200,2.35,0.05,0.025,0.05,0.02,0.35,0.23500000000000001,0.12085686332548046,-0.9802725762975811,0.7404931855925605,FALSE,d_star_negative|omega_outside_target_band
201,2.35,0.05,0.025,0.05,0.02,0.45,0.23500000000000001,0.10000000000000002,-5.551115123125783e-16,0.7649999999999999,FALSE,d_star_negative|omega_outside_target_band
202,2.35,0.05,0.025,0.06,0.02,0.25,0.2585,NA,NA,NA,FALSE,kappa_star_out_of_bounds
203,2.35,0.05,0.025,0.06,0.02,0.35,0.2585,0.13193434460156406,-1.0309141962735113,0.7157271450931622,FALSE,d_star_negative|omega_outside_target_band
204,2.35,0.05,0.025,0.06,0.02,0.45,0.2585,0.10731605005692318,0.1261456473246103,0.7446536411831153,FALSE,omega_outside_target_band
205,2.35,0.05,0.030000000000000002,0.03,0.02,0.25,0.188,0.13322765314527224,-2.501699697827795,0.7619660060434441,FALSE,d_star_negative|omega_outside_target_band
206,2.35,0.05,0.030000000000000002,0.03,0.02,0.35,0.188,0.10121225480569584,-0.9969759758677049,0.7920604804826459,FALSE,d_star_negative|omega_outside_target_band
207,2.35,0.05,0.030000000000000002,0.03,0.02,0.45,0.188,0.08518731585473875,-0.24380384517272147,0.8071239230965456,FALSE,d_star_negative|omega_outside_target_band
208,2.35,0.05,0.030000000000000002,0.04,0.02,0.25,0.2115,0.15347431891089874,-2.983292988812241,0.7288341402237553,FALSE,d_star_negative|omega_outside_target_band
209,2.35,0.05,0.030000000000000002,0.04,0.02,0.35,0.2115,0.11080058276644361,-0.9776273900228499,0.768947452199543,FALSE,d_star_negative|omega_outside_target_band
210,2.35,0.05,0.030000000000000002,0.04,0.02,0.45,0.2115,0.09268394994307684,-0.12614564732461198,0.7859770870535078,FALSE,d_star_negative|omega_outside_target_band
211,2.35,0.05,0.030000000000000002,0.05,0.02,0.25,0.23500000000000001,0.1887529275675151,-4.17138759567321,0.6815722480865357,FALSE,d_star_negative
212,2.35,0.05,0.030000000000000002,0.05,0.02,0.35,0.23500000000000001,0.12085686332548046,-0.9802725762975811,0.7453945484740483,FALSE,d_star_negative|omega_outside_target_band
213,2.35,0.05,0.030000000000000002,0.05,0.02,0.45,0.23500000000000001,0.10000000000000002,-5.551115123125783e-16,0.7649999999999999,FALSE,d_star_negative|omega_outside_target_band
214,2.35,0.05,0.030000000000000002,0.06,0.02,0.25,0.2585,NA,NA,NA,FALSE,kappa_star_out_of_bounds
215,2.35,0.05,0.030000000000000002,0.06,0.02,0.35,0.2585,0.13193434460156406,-1.0309141962735113,0.7208817160745298,FALSE,d_star_negative|omega_outside_target_band
216,2.35,0.05,0.030000000000000002,0.06,0.02,0.45,0.2585,0.10731605005692318,0.1261456473246103,0.7440229129464921,FALSE,omega_outside_target_band
217,2.35,0.05,0.035,0.03,0.02,0.25,0.188,0.13322765314527224,-2.501699697827795,0.7744745045325832,FALSE,d_star_negative|omega_outside_target_band
218,2.35,0.05,0.035,0.03,0.02,0.35,0.188,0.10121225480569584,-0.9969759758677049,0.7970453603619845,FALSE,d_star_negative|omega_outside_target_band
219,2.35,0.05,0.035,0.03,0.02,0.45,0.188,0.08518731585473875,-0.24380384517272147,0.8083429423224092,FALSE,d_star_negative|omega_outside_target_band
220,2.35,0.05,0.035,0.04,0.02,0.25,0.2115,0.15347431891089874,-2.983292988812241,0.7437506051678164,FALSE,d_star_negative|omega_outside_target_band
221,2.35,0.05,0.035,0.04,0.02,0.35,0.2115,0.11080058276644361,-0.9776273900228499,0.7738355891496571,FALSE,d_star_negative|omega_outside_target_band
222,2.35,0.05,0.035,0.04,0.02,0.45,0.2115,0.09268394994307684,-0.12614564732461198,0.7866078152901309,FALSE,d_star_negative|omega_outside_target_band
223,2.35,0.05,0.035,0.05,0.02,0.25,0.23500000000000001,0.1887529275675151,-4.17138759567321,0.7024291860649018,FALSE,d_star_negative|omega_outside_target_band
224,2.35,0.05,0.035,0.05,0.02,0.35,0.23500000000000001,0.12085686332548046,-0.9802725762975811,0.7502959113555363,FALSE,d_star_negative|omega_outside_target_band
225,2.35,0.05,0.035,0.05,0.02,0.45,0.23500000000000001,0.10000000000000002,-5.551115123125783e-16,0.7649999999999999,FALSE,d_star_negative|omega_outside_target_band
226,2.35,0.05,0.035,0.06,0.02,0.25,0.2585,NA,NA,NA,FALSE,kappa_star_out_of_bounds
227,2.35,0.05,0.035,0.06,0.02,0.35,0.2585,0.13193434460156406,-1.0309141962735113,0.7260362870558974,FALSE,d_star_negative|omega_outside_target_band
228,2.35,0.05,0.035,0.06,0.02,0.45,0.2585,0.10731605005692318,0.1261456473246103,0.7433921847098691,FALSE,omega_outside_target_band
229,2.35,0.05,0.04,0.03,0.02,0.25,0.188,0.13322765314527224,-2.501699697827795,0.7869830030217222,FALSE,d_star_negative|omega_outside_target_band
230,2.35,0.05,0.04,0.03,0.02,0.35,0.188,0.10121225480569584,-0.9969759758677049,0.8020302402413229,FALSE,d_star_negative|omega_outside_target_band
231,2.35,0.05,0.04,0.03,0.02,0.45,0.188,0.08518731585473875,-0.24380384517272147,0.8095619615482726,FALSE,d_star_negative|omega_outside_target_band
232,2.35,0.05,0.04,0.04,0.02,0.25,0.2115,0.15347431891089874,-2.983292988812241,0.7586670701118776,FALSE,d_star_negative|omega_outside_target_band
233,2.35,0.05,0.04,0.04,0.02,0.35,0.2115,0.11080058276644361,-0.9776273900228499,0.7787237260997715,FALSE,d_star_negative|omega_outside_target_band
234,2.35,0.05,0.04,0.04,0.02,0.45,0.2115,0.09268394994307684,-0.12614564732461198,0.7872385435267538,FALSE,d_star_negative|omega_outside_target_band
235,2.35,0.05,0.04,0.05,0.02,0.25,0.23500000000000001,0.1887529275675151,-4.17138759567321,0.7232861240432679,FALSE,d_star_negative|omega_outside_target_band
236,2.35,0.05,0.04,0.05,0.02,0.35,0.23500000000000001,0.12085686332548046,-0.9802725762975811,0.7551972742370241,FALSE,d_star_negative|omega_outside_target_band
237,2.35,0.05,0.04,0.05,0.02,0.45,0.23500000000000001,0.10000000000000002,-5.551115123125783e-16,0.7649999999999999,FALSE,d_star_negative|omega_outside_target_band
238,2.35,0.05,0.04,0.06,0.02,0.25,0.2585,NA,NA,NA,FALSE,kappa_star_out_of_bounds
239,2.35,0.05,0.04,0.06,0.02,0.35,0.2585,0.13193434460156406,-1.0309141962735113,0.731190858037265,FALSE,d_star_negative|omega_outside_target_band
240,2.35,0.05,0.04,0.06,0.02,0.45,0.2585,0.10731605005692318,0.1261456473246103,0.7427614564732461,FALSE,omega_outside_target_band
241,2.35,0.060000000000000005,0.025,0.03,0.02,0.25,0.2115,0.15347431891089874,-2.4860774906768675,0.7014872878263096,FALSE,d_star_negative|omega_outside_target_band
242,2.35,0.060000000000000005,0.025,0.03,0.02,0.35,0.2115,0.11080058276644361,-0.8146894916857083,0.7599858677910001,FALSE,d_star_negative|omega_outside_target_band
243,2.35,0.060000000000000005,0.025,0.03,0.02,0.45,0.2115,0.09268394994307684,-0.10512137277050997,0.7848207519530322,FALSE,d_star_negative|omega_outside_target_band
244,2.35,0.060000000000000005,0.025,0.04,0.02,0.25,0.23500000000000001,0.1887529275675151,-3.4761563297276745,0.6433345284595314,FALSE,d_star_negative
245,2.35,0.060000000000000005,0.025,0.04,0.02,0.35,0.23500000000000001,0.12085686332548046,-0.8168938135813175,0.7364087165246538,FALSE,d_star_negative|omega_outside_target_band
246,2.35,0.060000000000000005,0.025,0.04,0.02,0.45,0.23500000000000001,0.10000000000000002,-4.625929269271485e-16,0.7649999999999999,FALSE,d_star_negative|omega_outside_target_band
247,2.35,0.060000000000000005,0.025,0.05,0.02,0.25,0.25850000000000006,NA,NA,NA,FALSE,kappa_star_out_of_bounds
248,2.35,0.060000000000000005,0.025,0.05,0.02,0.35,0.25850000000000006,0.13193434460156406,-0.8590951635612585,0.711431669275356,FALSE,d_star_negative|omega_outside_target_band
249,2.35,0.060000000000000005,0.025,0.05,0.02,0.45,0.25850000000000006,0.1073160500569232,0.10512137277050858,0.7451792480469677,FALSE,omega_outside_target_band
250,2.35,0.060000000000000005,0.025,0.06,0.02,0.25,0.282,NA,NA,NA,FALSE,kappa_star_out_of_bounds
251,2.35,0.060000000000000005,0.025,0.06,0.02,0.35,0.282,0.14496122661949967,-0.9776480425970706,0.6837823185091026,FALSE,d_star_negative
252,2.35,0.060000000000000005,0.025,0.06,0.02,0.45,0.282,0.11481268414526126,0.2031698709772665,0.7251109454842044,FALSE,omega_outside_target_band
253,2.35,0.060000000000000005,0.030000000000000002,0.03,0.02,0.25,0.2115,0.15347431891089874,-2.4860774906768675,0.7139176752796941,FALSE,d_star_negative|omega_outside_target_band
254,2.35,0.060000000000000005,0.030000000000000002,0.03,0.02,0.35,0.2115,0.11080058276644361,-0.8146894916857083,0.7640593152494286,FALSE,d_star_negative|omega_outside_target_band
255,2.35,0.060000000000000005,0.030000000000000002,0.03,0.02,0.45,0.2115,0.09268394994307684,-0.10512137277050997,0.7853463588168846,FALSE,d_star_negative|omega_outside_target_band
256,2.35,0.060000000000000005,0.030000000000000002,0.04,0.02,0.25,0.23500000000000001,0.1887529275675151,-3.4761563297276745,0.6607153101081696,FALSE,d_star_negative
257,2.35,0.060000000000000005,0.030000000000000002,0.04,0.02,0.35,0.23500000000000001,0.12085686332548046,-0.8168938135813175,0.7404931855925605,FALSE,d_star_negative|omega_outside_target_band
258,2.35,0.060000000000000005,0.030000000000000002,0.04,0.02,0.45,0.23500000000000001,0.10000000000000002,-4.625929269271485e-16,0.7649999999999999,FALSE,d_star_negative|omega_outside_target_band
259,2.35,0.060000000000000005,0.030000000000000002,0.05,0.02,0.25,0.25850000000000006,NA,NA,NA,FALSE,kappa_star_out_of_bounds
260,2.35,0.060000000000000005,0.030000000000000002,0.05,0.02,0.35,0.25850000000000006,0.13193434460156406,-0.8590951635612585,0.7157271450931622,FALSE,d_star_negative|omega_outside_target_band
261,2.35,0.060000000000000005,0.030000000000000002,0.05,0.02,0.45,0.25850000000000006,0.1073160500569232,0.10512137277050858,0.7446536411831153,FALSE,omega_outside_target_band
262,2.35,0.060000000000000005,0.030000000000000002,0.06,0.02,0.25,0.282,NA,NA,NA,FALSE,kappa_star_out_of_bounds
263,2.35,0.060000000000000005,0.030000000000000002,0.06,0.02,0.35,0.282,0.14496122661949967,-0.9776480425970706,0.6886705587220879,FALSE,d_star_negative
264,2.35,0.060000000000000005,0.030000000000000002,0.06,0.02,0.45,0.282,0.11481268414526126,0.2031698709772665,0.724095096129318,FALSE,omega_outside_target_band
265,2.35,0.060000000000000005,0.035,0.03,0.02,0.25,0.2115,0.15347431891089874,-2.4860774906768675,0.7263480627330783,FALSE,d_star_negative|omega_outside_target_band
266,2.35,0.060000000000000005,0.035,0.03,0.02,0.35,0.2115,0.11080058276644361,-0.8146894916857083,0.7681327627078574,FALSE,d_star_negative|omega_outside_target_band
267,2.35,0.060000000000000005,0.035,0.03,0.02,0.45,0.2115,0.09268394994307684,-0.10512137277050997,0.78587196568073725,FALSE,d_star_negative|omega_outside_target_band
268,2.35,0.060000000000000005,0.035,0.04,0.02,0.25,0.23500000000000001,0.1887529275675151,-3.4761563297276745,0.6780960917568081,FALSE,d_star_negative
269,2.35,0.060000000000000005,0.035,0.04,0.02,0.35,0.23500000000000001,0.12085686332548046,-0.8168938135813175,0.744577654660467,FALSE,d_star_negative|omega_outside_target_band
270,2.35,0.060000000000000005,0.035,0.04,0.02,0.45,0.23500000000000001,0.10000000000000002,-4.625929269271485e-16,0.7649999999999999,FALSE,d_star_negative|omega_outside_target_band
271,2.35,0.060000000000000005,0.035,0.05,0.02,0.25,0.25850000000000006,NA,NA,NA,FALSE,kappa_star_out_of_bounds
272,2.35,0.060000000000000005,0.035,0.05,0.02,0.35,0.25850000000000006,0.13193434460156406,-0.8590951635612585,0.7200226209109686,FALSE,d_star_negative|omega_outside_target_band
273,2.35,0.060000000000000005,0.035,0.05,0.02,0.45,0.25850000000000006,0.1073160500569232,0.10512137277050858,0.7441280343192627,FALSE,omega_outside_target_band
274,2.35,0.060000000000000005,0.035,0.06,0.02,0.25,0.282,NA,NA,NA,FALSE,kappa_star_out_of_bounds
275,2.35,0.060000000000000005,0.035,0.06,0.02,0.35,0.282,0.14496122661949967,-0.9776480425970706,0.6935587989350732,FALSE,d_star_negative
276,2.35,0.060000000000000005,0.035,0.06,0.02,0.45,0.282,0.11481268414526126,0.2031698709772665,0.7230792467744317,FALSE,omega_outside_target_band
277,2.35,0.060000000000000005,0.04,0.03,0.02,0.25,0.2115,0.15347431891089874,-2.4860774906768675,0.7387784501864627,FALSE,d_star_negative|omega_outside_target_band
278,2.35,0.060000000000000005,0.04,0.03,0.02,0.35,0.2115,0.11080058276644361,-0.8146894916857083,0.7722062101662859,FALSE,d_star_negative|omega_outside_target_band
279,2.35,0.060000000000000005,0.04,0.03,0.02,0.45,0.2115,0.09268394994307684,-0.10512137277050997,0.7863975725445899,FALSE,d_star_negative|omega_outside_target_band
280,2.35,0.060000000000000005,0.04,0.04,0.02,0.25,0.23500000000000001,0.1887529275675151,-3.4761563297276745,0.6954768734054465,FALSE,d_star_negative
281,2.35,0.060000000000000005,0.04,0.04,0.02,0.35,0.23500000000000001,0.12085686332548046,-0.8168938135813175,0.7486621237283735,FALSE,d_star_negative|omega_outside_target_band
282,2.35,0.060000000000000005,0.04,0.04,0.02,0.45,0.23500000000000001,0.10000000000000002,-4.625929269271485e-16,0.7649999999999999,FALSE,d_star_negative|omega_outside_target_band
283,2.35,0.060000000000000005,0.04,0.05,0.02,0.25,0.25850000000000006,NA,NA,NA,FALSE,kappa_star_out_of_bounds
284,2.35,0.060000000000000005,0.04,0.05,0.02,0.35,0.25850000000000006,0.13193434460156406,-0.8590951635612585,0.7243180967287748,FALSE,d_star_negative|omega_outside_target_band
285,2.35,0.060000000000000005,0.04,0.05,0.02,0.45,0.25850000000000006,0.1073160500569232,0.10512137277050858,0.74360242745541,FALSE,omega_outside_target_band
286,2.35,0.060000000000000005,0.04,0.06,0.02,0.25,0.282,NA,NA,NA,FALSE,kappa_star_out_of_bounds
287,2.35,0.060000000000000005,0.04,0.06,0.02,0.35,0.282,0.14496122661949967,-0.9776480425970706,0.6984470391480585,FALSE,d_star_negative
288,2.35,0.060000000000000005,0.04,0.06,0.02,0.45,0.282,0.11481268414526126,0.2031698709772665,0.7220633974195454,FALSE,omega_outside_target_band
289,2.35,0.07,0.025,0.03,0.02,0.25,0.23500000000000001,0.1887529275675151,-2.979562568338007,0.6309196844247896,FALSE,d_star_negative
290,2.35,0.07,0.025,0.03,0.02,0.35,0.23500000000000001,0.12085686332548046,-0.7001946973554151,0.7334912386190062,FALSE,d_star_negative|omega_outside_target_band
291,2.35,0.07,0.025,0.03,0.02,0.45,0.23500000000000001,0.10000000000000002,-3.96508223080413e-16,0.7649999999999999,FALSE,d_star_negative|omega_outside_target_band
292,2.35,0.07,0.025,0.04,0.02,0.25,0.25850000000000006,NA,NA,NA,FALSE,kappa_star_out_of_bounds
293,2.35,0.07,0.025,0.04,0.02,0.35,0.25850000000000006,0.13193434460156406,-0.7363672830525072,0.7083634722626371,FALSE,d_star_negative|omega_outside_target_band
294,2.35,0.07,0.025,0.04,0.02,0.45,0.25850000000000006,0.1073160500569232,0.09010403380329307,0.7455546815211482,FALSE,omega_outside_target_band
295,2.35,0.07,0.025,0.05,0.02,0.25,0.28200000000000003,NA,NA,NA,FALSE,kappa_star_out_of_bounds
296,2.35,0.07,0.025,0.05,0.02,0.35,0.28200000000000003,0.1449612266194997,-0.8379840365117757,0.68029071835697,FALSE,d_star_negative
297,2.35,0.07,0.025,0.05,0.02,0.45,0.28200000000000003,0.11481268414526127,0.17414560369480064,0.725836552166266,FALSE,omega_outside_target_band
298,2.35,0.07,0.025,0.06,0.02,0.25,0.30550000000000005,NA,NA,NA,FALSE,kappa_star_out_of_bounds
299,2.35,0.07,0.025,0.06,0.02,0.35,0.30550000000000005,0.1619584279974624,-1.0728900827719512,0.6462199462752622,FALSE,d_star_negative
300,2.35,0.07,0.025,0.06,0.02,0.45,0.30550000000000005,0.12269875071811928,0.24511336874885284,0.7055301015936983,FALSE,omega_outside_target_band
301,2.35,0.07,0.030000000000000002,0.03,0.02,0.25,0.23500000000000001,0.1887529275675151,-2.979562568338007,0.6458174972664797,FALSE,d_star_negative
302,2.35,0.07,0.030000000000000002,0.03,0.02,0.35,0.23500000000000001,0.12085686332548046,-0.7001946973554151,0.7369922121057833,FALSE,d_star_negative|omega_outside_target_band
303,2.35,0.07,0.030000000000000002,0.03,0.02,0.45,0.23500000000000001,0.10000000000000002,-3.96508223080413e-16,0.7649999999999999,FALSE,d_star_negative|omega_outside_target_band
304,2.35,0.07,0.030000000000000002,0.04,0.02,0.25,0.25850000000000006,NA,NA,NA,FALSE,kappa_star_out_of_bounds
305,2.35,0.07,0.030000000000000002,0.04,0.02,0.35,0.25850000000000006,0.13193434460156406,-0.7363672830525072,0.7120453086778997,FALSE,d_star_negative|omega_outside_target_band
306,2.35,0.07,0.030000000000000002,0.04,0.02,0.45,0.25850000000000006,0.1073160500569232,0.09010403380329307,0.7451041613521316,FALSE,omega_outside_target_band
307,2.35,0.07,0.030000000000000002,0.05,0.02,0.25,0.28200000000000003,NA,NA,NA,FALSE,kappa_star_out_of_bounds
308,2.35,0.07,0.030000000000000002,0.05,0.02,0.35,0.28200000000000003,0.1449612266194997,-0.8379840365117757,0.684480638539529,FALSE,d_star_negative
309,2.35,0.07,0.030000000000000002,0.05,0.02,0.45,0.28200000000000003,0.11481268414526127,0.17414560369480064,0.724965824147792,FALSE,omega_outside_target_band
310,2.35,0.07,0.030000000000000002,0.06,0.02,0.25,0.30550000000000005,NA,NA,NA,FALSE,kappa_star_out_of_bounds
311,2.35,0.07,0.030000000000000002,0.06,0.02,0.35,0.30550000000000005,0.1619584279974624,-1.0728900827719512,0.6515843966891219,FALSE,d_star_negative
312,2.35,0.07,0.030000000000000002,0.06,0.02,0.45,0.30550000000000005,0.12269875071811928,0.24511336874885284,0.704304534749954,FALSE,omega_outside_target_band
313,2.35,0.07,0.035,0.03,0.02,0.25,0.23500000000000001,0.1887529275675151,-2.979562568338007,0.6607153101081696,FALSE,d_star_negative
314,2.35,0.07,0.035,0.03,0.02,0.35,0.23500000000000001,0.12085686332548046,-0.7001946973554151,0.7404931855925605,FALSE,d_star_negative|omega_outside_target_band
315,2.35,0.07,0.035,0.03,0.02,0.45,0.23500000000000001,0.10000000000000002,-3.96508223080413e-16,0.7649999999999999,FALSE,d_star_negative|omega_outside_target_band
316,2.35,0.07,0.035,0.04,0.02,0.25,0.25850000000000006,NA,NA,NA,FALSE,kappa_star_out_of_bounds
317,2.35,0.07,0.035,0.04,0.02,0.35,0.25850000000000006,0.13193434460156406,-0.7363672830525072,0.7157271450931622,FALSE,d_star_negative|omega_outside_target_band
318,2.35,0.07,0.035,0.04,0.02,0.45,0.25850000000000006,0.1073160500569232,0.09010403380329307,0.7446536411831153,FALSE,omega_outside_target_band
319,2.35,0.07,0.035,0.05,0.02,0.25,0.28200000000000003,NA,NA,NA,FALSE,kappa_star_out_of_bounds
320,2.35,0.07,0.035,0.05,0.02,0.35,0.28200000000000003,0.1449612266194997,-0.8379840365117757,0.6886705587220878,FALSE,d_star_negative
321,2.35,0.07,0.035,0.05,0.02,0.45,0.28200000000000003,0.11481268414526127,0.17414560369480064,0.724095096129318,FALSE,omega_outside_target_band
322,2.35,0.07,0.035,0.06,0.02,0.25,0.30550000000000005,NA,NA,NA,FALSE,kappa_star_out_of_bounds
323,2.35,0.07,0.035,0.06,0.02,0.35,0.30550000000000005,0.1619584279974624,-1.0728900827719512,0.6569488471029816,FALSE,d_star_negative
324,2.35,0.07,0.035,0.06,0.02,0.45,0.30550000000000005,0.12269875071811928,0.24511336874885284,0.7030789679062098,FALSE,omega_outside_target_band
325,2.35,0.07,0.04,0.03,0.02,0.25,0.23500000000000001,0.1887529275675151,-2.979562568338007,0.6756131229498598,FALSE,d_star_negative
326,2.35,0.07,0.04,0.03,0.02,0.35,0.23500000000000001,0.12085686332548046,-0.7001946973554151,0.7439941590793375,FALSE,d_star_negative|omega_outside_target_band
327,2.35,0.07,0.04,0.03,0.02,0.45,0.23500000000000001,0.10000000000000002,-3.96508223080413e-16,0.7649999999999999,FALSE,d_star_negative|omega_outside_target_band
328,2.35,0.07,0.04,0.04,0.02,0.25,0.25850000000000006,NA,NA,NA,FALSE,kappa_star_out_of_bounds
329,2.35,0.07,0.04,0.04,0.02,0.35,0.25850000000000006,0.13193434460156406,-0.7363672830525072,0.7194089815084248,FALSE,d_star_negative|omega_outside_target_band
330,2.35,0.07,0.04,0.04,0.02,0.45,0.25850000000000006,0.1073160500569232,0.09010403380329307,0.7442031210140987,FALSE,omega_outside_target_band
331,2.35,0.07,0.04,0.05,0.02,0.25,0.28200000000000003,NA,NA,NA,FALSE,kappa_star_out_of_bounds
332,2.35,0.07,0.04,0.05,0.02,0.35,0.28200000000000003,0.1449612266194997,-0.8379840365117757,0.6928604789046466,FALSE,d_star_negative
333,2.35,0.07,0.04,0.05,0.02,0.45,0.28200000000000003,0.11481268414526127,0.17414560369480064,0.723224368110844,FALSE,omega_outside_target_band
334,2.35,0.07,0.04,0.06,0.02,0.25,0.30550000000000005,NA,NA,NA,FALSE,kappa_star_out_of_bounds
335,2.35,0.07,0.04,0.06,0.02,0.35,0.30550000000000005,0.1619584279974624,-1.0728900827719512,0.6623132975168413,FALSE,d_star_negative
336,2.35,0.07,0.04,0.06,0.02,0.45,0.30550000000000005,0.12269875071811928,0.24511336874885284,0.7018534010624655,FALSE,omega_outside_target_band
337,2.35,0.08,0.025,0.03,0.02,0.25,0.2585,NA,NA,NA,FALSE,kappa_star_out_of_bounds
338,2.35,0.08,0.025,0.03,0.02,0.35,0.2585,0.13193434460156406,-0.6443213726709446,0.7060623245030981,FALSE,d_star_negative|omega_outside_target_band
339,2.35,0.08,0.025,0.03,0.02,0.45,0.2585,0.10731605005692318,0.07884102957788144,0.7458362566267834,FALSE,omega_outside_target_band
340,2.35,0.08,0.025,0.04,0.02,0.25,0.282,NA,NA,NA,FALSE,kappa_star_out_of_bounds
341,2.35,0.08,0.025,0.04,0.02,0.35,0.282,0.14496122661949967,-0.7332360319478031,0.6776720182428709,FALSE,d_star_negative
342,2.35,0.08,0.025,0.04,0.02,0.45,0.282,0.11481268414526126,0.15237740323294988,0.7263807571778123,FALSE,omega_outside_target_band
343,2.35,0.08,0.025,0.05,0.02,0.25,0.30550000000000005,NA,NA,NA,FALSE,kappa_star_out_of_bounds
344,2.35,0.08,0.025,0.05,0.02,0.35,0.30550000000000005,0.1619584279974624,-0.9387788224254574,0.6428671647665998,FALSE,d_star_negative
345,2.35,0.08,0.025,0.05,0.02,0.45,0.30550000000000005,0.12269875071811928,0.21447419765524625,0.7062960808710385,FALSE,omega_outside_target_band
346,2.35,0.08,0.025,0.06,0.02,0.25,0.32900000000000007,NA,NA,NA,FALSE,kappa_star_out_of_bounds
347,2.35,0.08,0.025,0.06,0.02,0.35,0.32900000000000007,0.18962729463914424,-1.4578017800248615,0.5908209020986325,FALSE,d_star_negative|omega_outside_target_band
348,2.35,0.08,0.025,0.06,0.02,0.45,0.32900000000000007,0.13125169104336684,0.25698157560109997,0.6851339866580604,TRUE,ok
349,2.35,0.08,0.030000000000000002,0.03,0.02,0.25,0.2585,NA,NA,NA,FALSE,kappa_star_out_of_bounds
350,2.35,0.08,0.030000000000000002,0.03,0.02,0.35,0.2585,0.13193434460156406,-0.6443213726709446,0.7092839313664527,FALSE,d_star_negative|omega_outside_target_band
351,2.35,0.08,0.030000000000000002,0.03,0.02,0.45,0.2585,0.10731605005692318,0.07884102957788144,0.7454420514788941,FALSE,omega_outside_target_band
352,2.35,0.08,0.030000000000000002,0.04,0.02,0.25,0.282,NA,NA,NA,FALSE,kappa_star_out_of_bounds
353,2.35,0.08,0.030000000000000002,0.04,0.02,0.35,0.282,0.14496122661949967,-0.7332360319478031,0.6813381984026098,FALSE,d_star_negative
354,2.35,0.08,0.030000000000000002,0.04,0.02,0.45,0.282,0.11481268414526126,0.15237740323294988,0.7256188701616475,FALSE,omega_outside_target_band
355,2.35,0.08,0.030000000000000002,0.05,0.02,0.25,0.30550000000000005,NA,NA,NA,FALSE,kappa_star_out_of_bounds
356,2.35,0.08,0.030000000000000002,0.05,0.02,0.35,0.30550000000000005,0.1619584279974624,-0.9387788224254574,0.6475610588787271,FALSE,d_star_negative
357,2.35,0.08,0.030000000000000002,0.05,0.02,0.45,0.30550000000000005,0.12269875071811928,0.21447419765524625,0.7052237098827623,FALSE,omega_outside_target_band
358,2.35,0.08,0.030000000000000002,0.06,0.02,0.25,0.32900000000000007,NA,NA,NA,FALSE,kappa_star_out_of_bounds
359,2.35,0.08,0.030000000000000002,0.06,0.02,0.35,0.32900000000000007,0.18962729463914424,-1.4578017800248615,0.5981099109987568,FALSE,d_star_negative|omega_outside_target_band
360,2.35,0.08,0.030000000000000002,0.06,0.02,0.45,0.32900000000000007,0.13125169104336684,0.25698157560109997,0.6838490787800549,TRUE,ok
361,2.35,0.08,0.035,0.03,0.02,0.25,0.2585,NA,NA,NA,FALSE,kappa_star_out_of_bounds
362,2.35,0.08,0.035,0.03,0.02,0.35,0.2585,0.13193434460156406,-0.6443213726709446,0.7125055382298076,FALSE,d_star_negative|omega_outside_target_band
363,2.35,0.08,0.035,0.03,0.02,0.45,0.2585,0.10731605005692318,0.07884102957788144,0.7450478463310046,FALSE,omega_outside_target_band
364,2.35,0.08,0.035,0.04,0.02,0.25,0.282,NA,NA,NA,FALSE,kappa_star_out_of_bounds
365,2.35,0.08,0.035,0.04,0.02,0.35,0.282,0.14496122661949967,-0.7332360319478031,0.6850043785623489,FALSE,d_star_negative
366,2.35,0.08,0.035,0.04,0.02,0.45,0.282,0.11481268414526126,0.15237740323294988,0.7248569831454827,FALSE,omega_outside_target_band
367,2.35,0.08,0.035,0.05,0.02,0.25,0.30550000000000005,NA,NA,NA,FALSE,kappa_star_out_of_bounds
368,2.35,0.08,0.035,0.05,0.02,0.35,0.30550000000000005,0.1619584279974624,-0.9387788224254574,0.6522549529908543,FALSE,d_star_negative
369,2.35,0.08,0.035,0.05,0.02,0.45,0.30550000000000005,0.12269875071811928,0.21447419765524625,0.704151338894486,FALSE,omega_outside_target_band
370,2.35,0.08,0.035,0.06,0.02,0.25,0.32900000000000007,NA,NA,NA,FALSE,kappa_star_out_of_bounds
371,2.35,0.08,0.035,0.06,0.02,0.35,0.32900000000000007,0.18962729463914424,-1.4578017800248615,0.6053989198988811,FALSE,d_star_negative|omega_outside_target_band
372,2.35,0.08,0.035,0.06,0.02,0.45,0.32900000000000007,0.13125169104336684,0.25698157560109997,0.6825641709020493,TRUE,ok
373,2.35,0.08,0.04,0.03,0.02,0.25,0.2585,NA,NA,NA,FALSE,kappa_star_out_of_bounds
374,2.35,0.08,0.04,0.03,0.02,0.35,0.2585,0.13193434460156406,-0.6443213726709446,0.7157271450931622,FALSE,d_star_negative|omega_outside_target_band
375,2.35,0.08,0.04,0.03,0.02,0.45,0.2585,0.10731605005692318,0.07884102957788144,0.7446536411831153,FALSE,omega_outside_target_band
376,2.35,0.08,0.04,0.04,0.02,0.25,0.282,NA,NA,NA,FALSE,kappa_star_out_of_bounds
377,2.35,0.08,0.04,0.04,0.02,0.35,0.282,0.14496122661949967,-0.7332360319478031,0.6886705587220879,FALSE,d_star_negative
378,2.35,0.08,0.04,0.04,0.02,0.45,0.282,0.11481268414526126,0.15237740323294988,0.724095096129318,FALSE,omega_outside_target_band
379,2.35,0.08,0.04,0.05,0.02,0.25,0.30550000000000005,NA,NA,NA,FALSE,kappa_star_out_of_bounds
380,2.35,0.08,0.04,0.05,0.02,0.35,0.30550000000000005,0.1619584279974624,-0.9387788224254574,0.6569488471029816,FALSE,d_star_negative
381,2.35,0.08,0.04,0.05,0.02,0.45,0.30550000000000005,0.12269875071811928,0.21447419765524625,0.7030789679062098,FALSE,omega_outside_target_band
382,2.35,0.08,0.04,0.06,0.02,0.25,0.32900000000000007,NA,NA,NA,FALSE,kappa_star_out_of_bounds
383,2.35,0.08,0.04,0.06,0.02,0.35,0.32900000000000007,0.18962729463914424,-1.4578017800248615,0.6126879287990054,FALSE,d_star_negative|omega_outside_target_band
384,2.35,0.08,0.04,0.06,0.02,0.45,0.32900000000000007,0.13125169104336684,0.25698157560109997,0.6812792630240438,TRUE,ok
385,2.5,0.05,0.025,0.03,0.02,0.25,0.2,0.1426977948487355,-3.1348897424367737,0.7216277564390806,FALSE,d_star_negative|omega_outside_target_band
386,2.5,0.05,0.025,0.03,0.02,0.35,0.2,0.10607738522646518,-1.3038692613232583,0.7674032684669185,FALSE,d_star_negative|omega_outside_target_band
387,2.5,0.05,0.025,0.03,0.02,0.45,0.2,0.08904986443426548,-0.4524932217132738,0.7886876694571681,FALSE,d_star_negative|omega_outside_target_band
388,2.5,0.05,0.025,0.04,0.02,0.25,0.22499999999999998,0.17013780514234023,-4.0068902571170115,0.6748277435720746,FALSE,d_star_negative
389,2.5,0.05,0.025,0.04,0.02,0.35,0.22499999999999998,0.11648987472787024,-1.3244937363935128,0.7418876565901623,FALSE,d_star_negative|omega_outside_target_band
390,2.5,0.05,0.025,0.04,0.02,0.45,0.22499999999999998,0.0968969858977996,-0.3448492948899806,0.7663787676277505,FALSE,d_star_negative|omega_outside_target_band
391,2.5,0.05,0.025,0.05,0.02,0.25,0.25,NA,NA,NA,FALSE,kappa_star_out_of_bounds
392,2.5,0.05,0.025,0.05,0.02,0.35,0.25,0.12776363743117017,-1.3881818715585081,0.7152954532110372,FALSE,d_star_negative|omega_outside_target_band
393,2.5,0.05,0.025,0.05,0.02,0.45,0.25,0.10465873141250531,-0.23293657062526618,0.7441765857343684,FALSE,d_star_negative|omega_outside_target_band
394,2.5,0.05,0.025,0.06,0.02,0.25,0.275,NA,NA,NA,FALSE,kappa_star_out_of_bounds
395,2.5,0.05,0.025,0.06,0.02,0.35,0.275,0.14079251438740387,-1.5396257193701923,0.6865093570157452,FALSE,d_star_negative
396,2.5,0.05,0.025,0.06,0.02,0.45,0.275,0.11254925237449709,-0.12746261872485398,0.7218134345318786,FALSE,d_star_negative|omega_outside_target_band
397,2.5,0.05,0.030000000000000002,0.03,0.02,0.25,0.2,0.1426977948487355,-3.1348897424367737,0.7373022051512644,FALSE,d_star_negative|omega_outside_target_band
398,2.5,0.05,0.030000000000000002,0.03,0.02,0.35,0.2,0.10607738522646518,-1.3038692613232583,0.7739226147735347,FALSE,d_star_negative|omega_outside_target_band
399,2.5,0.05,0.030000000000000002,0.03,0.02,0.45,0.2,0.08904986443426548,-0.4524932217132738,0.7909501355657345,FALSE,d_star_negative|omega_outside_target_band
400,2.5,0.05,0.030000000000000002,0.04,0.02,0.25,0.22499999999999998,0.17013780514234023,-4.0068902571170115,0.6948621948576597,FALSE,d_star_negative
401,2.5,0.05,0.030000000000000002,0.04,0.02,0.35,0.22499999999999998,0.11648987472787024,-1.3244937363935128,0.7485101252721297,FALSE,d_star_negative|omega_outside_target_band
402,2.5,0.05,0.030000000000000002,0.04,0.02,0.45,0.22499999999999998,0.0968969858977996,-0.3448492948899806,0.7681030141022005,FALSE,d_star_negative|omega_outside_target_band
403,2.5,0.05,0.030000000000000002,0.05,0.02,0.25,0.25,NA,NA,NA,FALSE,kappa_star_out_of_bounds
404,2.5,0.05,0.030000000000000002,0.05,0.02,0.35,0.25,0.12776363743117017,-1.3881818715585081,0.7222363625688297,FALSE,d_star_negative|omega_outside_target_band
405,2.5,0.05,0.030000000000000002,0.05,0.02,0.45,0.25,0.10465873141250531,-0.23293657062526618,0.7453412685874946,FALSE,d_star_negative|omega_outside_target_band
406,2.5,0.05,0.030000000000000002,0.06,0.02,0.25,0.275,NA,NA,NA,FALSE,kappa_star_out_of_bounds
407,2.5,0.05,0.030000000000000002,0.06,0.02,0.35,0.275,0.14079251438740387,-1.5396257193701923,0.6942074856125962,FALSE,d_star_negative
408,2.5,0.05,0.030000000000000002,0.06,0.02,0.45,0.275,0.11254925237449709,-0.12746261872485398,0.722450747625503,FALSE,d_star_negative|omega_outside_target_band
409,2.5,0.05,0.035,0.03,0.02,0.25,0.2,0.1426977948487355,-3.1348897424367737,0.7529766538634485,FALSE,d_star_negative|omega_outside_target_band
410,2.5,0.05,0.035,0.03,0.02,0.35,0.2,0.10607738522646518,-1.3038692613232583,0.780441961080151,FALSE,d_star_negative|omega_outside_target_band
411,2.5,0.05,0.035,0.03,0.02,0.45,0.2,0.08904986443426548,-0.4524932217132738,0.7932126016743009,FALSE,d_star_negative|omega_outside_target_band
412,2.5,0.05,0.035,0.04,0.02,0.25,0.22499999999999998,0.17013780514234023,-4.0068902571170115,0.7148966461432449,FALSE,d_star_negative|omega_outside_target_band
413,2.5,0.05,0.035,0.04,0.02,0.35,0.22499999999999998,0.11648987472787024,-1.3244937363935128,0.7551325939540973,FALSE,d_star_negative|omega_outside_target_band
414,2.5,0.05,0.035,0.04,0.02,0.45,0.22499999999999998,0.0968969858977996,-0.3448492948899806,0.7698272605766503,FALSE,d_star_negative|omega_outside_target_band
415,2.5,0.05,0.035,0.05,0.02,0.25,0.25,NA,NA,NA,FALSE,kappa_star_out_of_bounds
416,2.5,0.05,0.035,0.05,0.02,0.35,0.25,0.12776363743117017,-1.3881818715585081,0.7291772719266223,FALSE,d_star_negative|omega_outside_target_band
417,2.5,0.05,0.035,0.05,0.02,0.45,0.25,0.10465873141250531,-0.23293657062526618,0.746505951440621,FALSE,d_star_negative|omega_outside_target_band
418,2.5,0.05,0.035,0.06,0.02,0.25,0.275,NA,NA,NA,FALSE,kappa_star_out_of_bounds
419,2.5,0.05,0.035,0.06,0.02,0.35,0.275,0.14079251438740387,-1.5396257193701923,0.7019056142094471,FALSE,d_star_negative|omega_outside_target_band
420,2.5,0.05,0.035,0.06,0.02,0.45,0.275,0.11254925237449709,-0.12746261872485398,0.7230880607191271,FALSE,d_star_negative|omega_outside_target_band
421,2.5,0.05,0.04,0.03,0.02,0.25,0.2,0.1426977948487355,-3.1348897424367737,0.7686511025756323,FALSE,d_star_negative|omega_outside_target_band
422,2.5,0.05,0.04,0.03,0.02,0.35,0.2,0.10607738522646518,-1.3038692613232583,0.7869613073867674,FALSE,d_star_negative|omega_outside_target_band
423,2.5,0.05,0.04,0.03,0.02,0.45,0.2,0.08904986443426548,-0.4524932217132738,0.7954750677828673,FALSE,d_star_negative|omega_outside_target_band
424,2.5,0.05,0.04,0.04,0.02,0.25,0.22499999999999998,0.17013780514234023,-4.0068902571170115,0.7349310974288299,FALSE,d_star_negative|omega_outside_target_band
425,2.5,0.05,0.04,0.04,0.02,0.35,0.22499999999999998,0.11648987472787024,-1.3244937363935128,0.7617550626360649,FALSE,d_star_negative|omega_outside_target_band
426,2.5,0.05,0.04,0.04,0.02,0.45,0.22499999999999998,0.0968969858977996,-0.3448492948899806,0.7715515070511003,FALSE,d_star_negative|omega_outside_target_band
427,2.5,0.05,0.04,0.05,0.02,0.25,0.25,NA,NA,NA,FALSE,kappa_star_out_of_bounds
428,2.5,0.05,0.04,0.05,0.02,0.35,0.25,0.12776363743117017,-1.3881818715585081,0.7361181812844149,FALSE,d_star_negative|omega_outside_target_band
429,2.5,0.05,0.04,0.05,0.02,0.45,0.25,0.10465873141250531,-0.23293657062526618,0.7476706342937472,FALSE,d_star_negative|omega_outside_target_band
430,2.5,0.05,0.04,0.06,0.02,0.25,0.275,NA,NA,NA,FALSE,kappa_star_out_of_bounds
431,2.5,0.05,0.04,0.06,0.02,0.35,0.275,0.14079251438740387,-1.5396257193701923,0.709603742806298,FALSE,d_star_negative|omega_outside_target_band
432,2.5,0.05,0.04,0.06,0.02,0.45,0.275,0.11254925237449709,-0.12746261872485398,0.7237253738127515,FALSE,d_star_negative|omega_outside_target_band
433,2.5,0.060000000000000005,0.025,0.03,0.02,0.25,0.22499999999999998,0.17013780514234023,-3.339075214264176,0.6581323675007538,FALSE,d_star_negative
434,2.5,0.060000000000000005,0.025,0.03,0.02,0.35,0.22499999999999998,0.11648987472787024,-1.1037447803279272,0.7363689326885227,FALSE,d_star_negative|omega_outside_target_band
435,2.5,0.060000000000000005,0.025,0.03,0.02,0.45,0.22499999999999998,0.0968969858977996,-0.2873744124083172,0.764941895565709,FALSE,d_star_negative|omega_outside_target_band
436,2.5,0.060000000000000005,0.025,0.04,0.02,0.25,0.25,NA,NA,NA,FALSE,kappa_star_out_of_bounds
437,2.5,0.060000000000000005,0.025,0.04,0.02,0.35,0.25,0.12776363743117017,-1.1568182262987567,0.7095113620795435,FALSE,d_star_negative|omega_outside_target_band
438,2.5,0.060000000000000005,0.025,0.04,0.02,0.45,0.25,0.10465873141250531,-0.19411380885438848,0.7432060166900963,FALSE,d_star_negative|omega_outside_target_band
439,2.5,0.060000000000000005,0.025,0.05,0.02,0.25,0.275,NA,NA,NA,FALSE,kappa_star_out_of_bounds
440,2.5,0.060000000000000005,0.025,0.05,0.02,0.35,0.275,0.14079251438740387,-1.2830214328084935,0.6800942498517026,FALSE,d_star_negative
441,2.5,0.060000000000000005,0.025,0.05,0.02,0.45,0.275,0.11254925237449709,-0.1062188489373783,0.7212823402871916,FALSE,d_star_negative|omega_outside_target_band
442,2.5,0.060000000000000005,0.025,0.06,0.02,0.25,0.3,NA,NA,NA,FALSE,kappa_star_out_of_bounds
443,2.5,0.060000000000000005,0.025,0.06,0.02,0.35,0.3,0.1574255532580368,-1.559398052418201,0.6454210681653629,FALSE,d_star_negative
444,2.5,0.060000000000000005,0.025,0.06,0.02,0.45,0.3,0.12080514363576646,-0.03354765149026957,0.6988258321978404,FALSE,d_star_negative
445,2.5,0.060000000000000005,0.030000000000000002,0.03,0.02,0.25,0.22499999999999998,0.17013780514234023,-3.339075214264176,0.6748277435720746,FALSE,d_star_negative
446,2.5,0.060000000000000005,0.030000000000000002,0.03,0.02,0.35,0.22499999999999998,0.11648987472787024,-1.1037447803279272,0.7418876565901623,FALSE,d_star_negative|omega_outside_target_band
447,2.5,0.060000000000000005,0.030000000000000002,0.03,0.02,0.45,0.22499999999999998,0.0968969858977996,-0.2873744124083172,0.7663787676277505,FALSE,d_star_negative|omega_outside_target_band
448,2.5,0.060000000000000005,0.030000000000000002,0.04,0.02,0.25,0.25,NA,NA,NA,FALSE,kappa_star_out_of_bounds
449,2.5,0.060000000000000005,0.030000000000000002,0.04,0.02,0.35,0.25,0.12776363743117017,-1.1568182262987567,0.7152954532110372,FALSE,d_star_negative|omega_outside_target_band
450,2.5,0.060000000000000005,0.030000000000000002,0.04,0.02,0.45,0.25,0.10465873141250531,-0.19411380885438848,0.7441765857343684,FALSE,d_star_negative|omega_outside_target_band
451,2.5,0.060000000000000005,0.030000000000000002,0.05,0.02,0.25,0.275,NA,NA,NA,FALSE,kappa_star_out_of_bounds
452,2.5,0.060000000000000005,0.030000000000000002,0.05,0.02,0.35,0.275,0.14079251438740387,-1.2830214328084935,0.6865093570157452,FALSE,d_star_negative
453,2.5,0.060000000000000005,0.030000000000000002,0.05,0.02,0.45,0.275,0.11254925237449709,-0.1062188489373783,0.7218134345318786,FALSE,d_star_negative|omega_outside_target_band
454,2.5,0.060000000000000005,0.030000000000000002,0.06,0.02,0.25,0.3,NA,NA,NA,FALSE,kappa_star_out_of_bounds
455,2.5,0.060000000000000005,0.030000000000000002,0.06,0.02,0.35,0.3,0.1574255532580368,-1.559398052418201,0.6532180584274541,FALSE,d_star_negative
456,2.5,0.060000000000000005,0.030000000000000002,0.06,0.02,0.45,0.3,0.12080514363576646,-0.03354765149026957,0.6989935704552919,FALSE,d_star_negative
457,2.5,0.060000000000000005,0.035,0.03,0.02,0.25,0.22499999999999998,0.17013780514234023,-3.339075214264176,0.6915231196433955,FALSE,d_star_negative
458,2.5,0.060000000000000005,0.035,0.03,0.02,0.35,0.22499999999999998,0.11648987472787024,-1.1037447803279272,0.7474063804918017,FALSE,d_star_negative|omega_outside_target_band
459,2.5,0.060000000000000005,0.035,0.03,0.02,0.45,0.22499999999999998,0.0968969858977996,-0.2873744124083172,0.7678156396897922,FALSE,d_star_negative|omega_outside_target_band
460,2.5,0.060000000000000005,0.035,0.04,0.02,0.25,0.25,NA,NA,NA,FALSE,kappa_star_out_of_bounds
461,2.5,0.060000000000000005,0.035,0.04,0.02,0.35,0.25,0.12776363743117017,-1.1568182262987567,0.7210795443425311,FALSE,d_star_negative|omega_outside_target_band
462,2.5,0.060000000000000005,0.035,0.04,0.02,0.45,0.25,0.10465873141250531,-0.19411380885438848,0.7451471547786402,FALSE,d_star_negative|omega_outside_target_band
463,2.5,0.060000000000000005,0.035,0.05,0.02,0.25,0.275,NA,NA,NA,FALSE,kappa_star_out_of_bounds
464,2.5,0.060000000000000005,0.035,0.05,0.02,0.35,0.275,0.14079251438740387,-1.2830214328084935,0.6929244641797876,FALSE,d_star_negative
465,2.5,0.060000000000000005,0.035,0.05,0.02,0.45,0.275,0.11254925237449709,-0.1062188489373783,0.7223445287765656,FALSE,d_star_negative|omega_outside_target_band
466,2.5,0.060000000000000005,0.035,0.06,0.02,0.25,0.3,NA,NA,NA,FALSE,kappa_star_out_of_bounds
467,2.5,0.060000000000000005,0.035,0.06,0.02,0.35,0.3,0.1574255532580368,-1.559398052418201,0.661015048689545,FALSE,d_star_negative
468,2.5,0.060000000000000005,0.035,0.06,0.02,0.45,0.3,0.12080514363576646,-0.03354765149026957,0.6991613087127433,FALSE,d_star_negative
469,2.5,0.060000000000000005,0.04,0.03,0.02,0.25,0.22499999999999998,0.17013780514234023,-3.339075214264176,0.7082184957147164,FALSE,d_star_negative|omega_outside_target_band
470,2.5,0.060000000000000005,0.04,0.03,0.02,0.35,0.22499999999999998,0.11648987472787024,-1.1037447803279272,0.7529251043934414,FALSE,d_star_negative|omega_outside_target_band
471,2.5,0.060000000000000005,0.04,0.03,0.02,0.45,0.22499999999999998,0.0968969858977996,-0.2873744124083172,0.7692525117518336,FALSE,d_star_negative|omega_outside_target_band
472,2.5,0.060000000000000005,0.04,0.04,0.02,0.25,0.25,NA,NA,NA,FALSE,kappa_star_out_of_bounds
473,2.5,0.060000000000000005,0.04,0.04,0.02,0.35,0.25,0.12776363743117017,-1.1568182262987567,0.7268636354740248,FALSE,d_star_negative|omega_outside_target_band
474,2.5,0.060000000000000005,0.04,0.04,0.02,0.45,0.25,0.10465873141250531,-0.19411380885438848,0.7461177238229123,FALSE,d_star_negative|omega_outside_target_band
475,2.5,0.060000000000000005,0.04,0.05,0.02,0.25,0.275,NA,NA,NA,FALSE,kappa_star_out_of_bounds
476,2.5,0.060000000000000005,0.04,0.05,0.02,0.35,0.275,0.14079251438740387,-1.2830214328084935,0.6993395713438302,FALSE,d_star_negative
477,2.5,0.060000000000000005,0.04,0.05,0.02,0.45,0.275,0.11254925237449709,-0.1062188489373783,0.7228756230212524,FALSE,d_star_negative|omega_outside_target_band
478,2.5,0.060000000000000005,0.04,0.06,0.02,0.25,0.3,NA,NA,NA,FALSE,kappa_star_out_of_bounds
479,2.5,0.060000000000000005,0.04,0.06,0.02,0.35,0.3,0.1574255532580368,-1.559398052418201,0.6688120389516361,FALSE,d_star_negative
480,2.5,0.060000000000000005,0.04,0.06,0.02,0.45,0.3,0.12080514363576646,-0.03354765149026957,0.6993290469701945,FALSE,d_star_negative
481,2.5,0.07,0.025,0.03,0.02,0.25,0.25,NA,NA,NA,FALSE,kappa_star_out_of_bounds
482,2.5,0.07,0.025,0.03,0.02,0.35,0.25,0.12776363743117017,-0.9915584796846486,0.7053798684141908,FALSE,d_star_negative|omega_outside_target_band
483,2.5,0.07,0.025,0.03,0.02,0.45,0.25,0.10465873141250531,-0.16638326473233297,0.7425127530870451,FALSE,d_star_negative|omega_outside_target_band
484,2.5,0.07,0.025,0.04,0.02,0.25,0.275,NA,NA,NA,FALSE,kappa_star_out_of_bounds
485,2.5,0.07,0.025,0.04,0.02,0.35,0.275,0.14079251438740387,-1.0997326566929944,0.6755120304488151,FALSE,d_star_negative
486,2.5,0.07,0.025,0.04,0.02,0.45,0.275,0.11254925237449709,-0.09104472766060998,0.7209029872552725,FALSE,d_star_negative|omega_outside_target_band
487,2.5,0.07,0.025,0.05,0.02,0.25,0.30000000000000004,NA,NA,NA,FALSE,kappa_star_out_of_bounds
488,2.5,0.07,0.025,0.05,0.02,0.35,0.30000000000000004,0.1574255532580368,-1.3366269020727428,0.6398517894067266,FALSE,d_star_negative
489,2.5,0.07,0.025,0.05,0.02,0.45,0.30000000000000004,0.12080514363576647,-0.0287551298488017,0.6987060191568037,FALSE,d_star_negative
490,2.5,0.07,0.025,0.06,0.02,0.25,0.325,NA,NA,NA,FALSE,kappa_star_out_of_bounds
491,2.5,0.07,0.025,0.06,0.02,0.35,0.325,0.18338119839130707,-1.9064713711181092,0.589208788299685,FALSE,d_star_negative|omega_outside_target_band
492,2.5,0.07,0.025,0.06,0.02,0.45,0.325,0.12973326797683704,0.009526143684391546,0.6754286764657976,TRUE,ok
493,2.5,0.07,0.030000000000000002,0.03,0.02,0.25,0.25,NA,NA,NA,FALSE,kappa_star_out_of_bounds
494,2.5,0.07,0.030000000000000002,0.03,0.02,0.35,0.25,0.12776363743117017,-0.9915584796846486,0.710337660812614,FALSE,d_star_negative|omega_outside_target_band
495,2.5,0.07,0.030000000000000002,0.03,0.02,0.45,0.25,0.10465873141250531,-0.16638326473233297,0.7433446694107068,FALSE,d_star_negative|omega_outside_target_band
496,2.5,0.07,0.030000000000000002,0.04,0.02,0.25,0.275,NA,NA,NA,FALSE,kappa_star_out_of_bounds
497,2.5,0.07,0.030000000000000002,0.04,0.02,0.35,0.275,0.14079251438740387,-1.0997326566929944,0.6810106937322802,FALSE,d_star_negative
498,2.5,0.07,0.030000000000000002,0.04,0.02,0.45,0.275,0.11254925237449709,-0.09104472766060998,0.7213582108935755,FALSE,d_star_negative|omega_outside_target_band
499,2.5,0.07,0.030000000000000002,0.05,0.02,0.25,0.30000000000000004,NA,NA,NA,FALSE,kappa_star_out_of_bounds
500,2.5,0.07,0.030000000000000002,0.05,0.02,0.35,0.30000000000000004,0.1574255532580368,-1.3366269020727428,0.6465349239170903,FALSE,d_star_negative
501,2.5,0.07,0.030000000000000002,0.05,0.02,0.45,0.30000000000000004,0.12080514363576647,-0.0287551298488017,0.6988497948060479,FALSE,d_star_negative
502,2.5,0.07,0.030000000000000002,0.06,0.02,0.25,0.325,NA,NA,NA,FALSE,kappa_star_out_of_bounds
503,2.5,0.07,0.030000000000000002,0.06,0.02,0.35,0.325,0.18338119839130707,-1.9064713711181092,0.5987411451552755,FALSE,d_star_negative|omega_outside_target_band
504,2.5,0.07,0.030000000000000002,0.06,0.02,0.45,0.325,0.12973326797683704,0.009526143684391546,0.6753810457473757,TRUE,ok
505,2.5,0.07,0.035,0.03,0.02,0.25,0.25,NA,NA,NA,FALSE,kappa_star_out_of_bounds
506,2.5,0.07,0.035,0.03,0.02,0.35,0.25,0.12776363743117017,-0.9915584796846486,0.7152954532110372,FALSE,d_star_negative|omega_outside_target_band
507,2.5,0.07,0.035,0.03,0.02,0.45,0.25,0.10465873141250531,-0.16638326473233297,0.7441765857343684,FALSE,d_star_negative|omega_outside_target_band
508,2.5,0.07,0.035,0.04,0.02,0.25,0.275,NA,NA,NA,FALSE,kappa_star_out_of_bounds
509,2.5,0.07,0.035,0.04,0.02,0.35,0.275,0.14079251438740387,-1.0997326566929944,0.6865093570157452,FALSE,d_star_negative
510,2.5,0.07,0.035,0.04,0.02,0.45,0.275,0.11254925237449709,-0.09104472766060998,0.7218134345318786,FALSE,d_star_negative|omega_outside_target_band
511,2.5,0.07,0.035,0.05,0.02,0.25,0.30000000000000004,NA,NA,NA,FALSE,kappa_star_out_of_bounds
512,2.5,0.07,0.035,0.05,0.02,0.35,0.30000000000000004,0.1574255532580368,-1.3366269020727428,0.6532180584274538,FALSE,d_star_negative
513,2.5,0.07,0.035,0.05,0.02,0.45,0.30000000000000004,0.12080514363576647,-0.0287551298488017,0.6989935704552919,FALSE,d_star_negative
514,2.5,0.07,0.035,0.06,0.02,0.25,0.325,NA,NA,NA,FALSE,kappa_star_out_of_bounds
515,2.5,0.07,0.035,0.06,0.02,0.35,0.325,0.18338119839130707,-1.9064713711181092,0.608273502010866,FALSE,d_star_negative|omega_outside_target_band
516,2.5,0.07,0.035,0.06,0.02,0.45,0.325,0.12973326797683704,0.009526143684391546,0.6753334150289537,TRUE,ok
517,2.5,0.07,0.04,0.03,0.02,0.25,0.25,NA,NA,NA,FALSE,kappa_star_out_of_bounds
518,2.5,0.07,0.04,0.03,0.02,0.35,0.25,0.12776363743117017,-0.9915584796846486,0.7202532456094606,FALSE,d_star_negative|omega_outside_target_band
519,2.5,0.07,0.04,0.03,0.02,0.45,0.25,0.10465873141250531,-0.16638326473233297,0.74500850205803,FALSE,d_star_negative|omega_outside_target_band
520,2.5,0.07,0.04,0.04,0.02,0.25,0.275,NA,NA,NA,FALSE,kappa_star_out_of_bounds
521,2.5,0.07,0.04,0.04,0.02,0.35,0.275,0.14079251438740387,-1.0997326566929944,0.69200802029921,FALSE,d_star_negative
522,2.5,0.07,0.04,0.04,0.02,0.45,0.275,0.11254925237449709,-0.09104472766060998,0.7222686581701817,FALSE,d_star_negative|omega_outside_target_band
523,2.5,0.07,0.04,0.05,0.02,0.25,0.30000000000000004,NA,NA,NA,FALSE,kappa_star_out_of_bounds
524,2.5,0.07,0.04,0.05,0.02,0.35,0.30000000000000004,0.1574255532580368,-1.3366269020727428,0.6599011929378176,FALSE,d_star_negative
525,2.5,0.07,0.04,0.05,0.02,0.45,0.30000000000000004,0.12080514363576647,-0.0287551298488017,0.6991373461045358,FALSE,d_star_negative
526,2.5,0.07,0.04,0.06,0.02,0.25,0.325,NA,NA,NA,FALSE,kappa_star_out_of_bounds
527,2.5,0.07,0.04,0.06,0.02,0.35,0.325,0.18338119839130707,-1.9064713711181092,0.6178058588664566,FALSE,d_star_negative|omega_outside_target_band
528,2.5,0.07,0.04,0.06,0.02,0.45,0.325,0.12973326797683704,0.009526143684391546,0.6752857843105318,TRUE,ok
529,2.5,0.08,0.025,0.03,0.02,0.25,0.275,NA,NA,NA,FALSE,kappa_star_out_of_bounds
530,2.5,0.08,0.025,0.03,0.02,0.35,0.275,0.14079251438740387,-0.9622660746063701,0.6720753658966496,FALSE,d_star_negative
531,2.5,0.08,0.025,0.03,0.02,0.45,0.275,0.11254925237449709,-0.07966413670303374,0.720618472481333,FALSE,d_star_negative|omega_outside_target_band
532,2.5,0.08,0.025,0.04,0.02,0.25,0.3,NA,NA,NA,FALSE,kappa_star_out_of_bounds
533,2.5,0.08,0.025,0.04,0.02,0.35,0.3,0.1574255532580368,-1.1695485393136509,0.6356748303377493,FALSE,d_star_negative
534,2.5,0.08,0.025,0.04,0.02,0.45,0.3,0.12080514363576646,-0.025160738617702183,0.6986161593760263,FALSE,d_star_negative
535,2.5,0.08,0.025,0.05,0.02,0.25,0.325,NA,NA,NA,FALSE,kappa_star_out_of_bounds
536,2.5,0.08,0.025,0.05,0.02,0.35,0.325,0.18338119839130707,-1.6681624497283456,0.583251065264941,FALSE,d_star_negative|omega_outside_target_band
537,2.5,0.08,0.025,0.05,0.02,0.45,0.325,0.12973326797683704,0.008335375723842603,0.6754584456648113,TRUE,ok
538,2.5,0.08,0.025,0.06,0.02,0.25,0.35000000000000003,NA,NA,NA,FALSE,kappa_star_out_of_bounds
539,2.5,0.08,0.025,0.06,0.02,0.35,0.35000000000000003,NA,NA,NA,FALSE,kappa_star_out_of_bounds
540,2.5,0.08,0.025,0.06,0.02,0.45,0.35000000000000003,0.13979741561574782,0.006330762007881324,0.6503481919104335,TRUE,ok
541,2.5,0.08,0.030000000000000002,0.03,0.02,0.25,0.275,NA,NA,NA,FALSE,kappa_star_out_of_bounds
542,2.5,0.08,0.030000000000000002,0.03,0.02,0.35,0.275,0.14079251438740387,-0.9622660746063701,0.6768866962696816,FALSE,d_star_negative
543,2.5,0.08,0.030000000000000002,0.03,0.02,0.45,0.275,0.11254925237449709,-0.07966413670303374,0.7210167931648482,FALSE,d_star_negative|omega_outside_target_band
544,2.5,0.08,0.030000000000000002,0.04,0.02,0.25,0.3,NA,NA,NA,FALSE,kappa_star_out_of_bounds
545,2.5,0.08,0.030000000000000002,0.04,0.02,0.35,0.3,0.1574255532580368,-1.1695485393136509,0.6415225730343175,FALSE,d_star_negative
546,2.5,0.08,0.030000000000000002,0.04,0.02,0.45,0.3,0.12080514363576646,-0.025160738617702183,0.698741963069115,FALSE,d_star_negative
547,2.5,0.08,0.030000000000000002,0.05,0.02,0.25,0.325,NA,NA,NA,FALSE,kappa_star_out_of_bounds
548,2.5,0.08,0.030000000000000002,0.05,0.02,0.35,0.325,0.18338119839130707,-1.6681624497283456,0.5915918775135827,FALSE,d_star_negative|omega_outside_target_band
549,2.5,0.08,0.030000000000000002,0.05,0.02,0.45,0.325,0.12973326797683704,0.008335375723842603,0.6754167687861922,TRUE,ok
550,2.5,0.08,0.030000000000000002,0.06,0.02,0.25,0.35000000000000003,NA,NA,NA,FALSE,kappa_star_out_of_bounds
551,2.5,0.08,0.030000000000000002,0.06,0.02,0.35,0.35000000000000003,NA,NA,NA,FALSE,kappa_star_out_of_bounds
552,2.5,0.08,0.030000000000000002,0.06,0.02,0.45,0.35000000000000003,0.13979741561574782,0.006330762007881324,0.650316538100394,TRUE,ok
553,2.5,0.08,0.035,0.03,0.02,0.25,0.275,NA,NA,NA,FALSE,kappa_star_out_of_bounds
554,2.5,0.08,0.035,0.03,0.02,0.35,0.275,0.14079251438740387,-0.9622660746063701,0.6816980266427133,FALSE,d_star_negative
555,2.5,0.08,0.035,0.03,0.02,0.45,0.275,0.11254925237449709,-0.07966413670303374,0.7214151138483634,FALSE,d_star_negative|omega_outside_target_band
556,2.5,0.08,0.035,0.04,0.02,0.25,0.3,NA,NA,NA,FALSE,kappa_star_out_of_bounds
557,2.5,0.08,0.035,0.04,0.02,0.35,0.3,0.1574255532580368,-1.1695485393136509,0.6473703157308857,FALSE,d_star_negative
558,2.5,0.08,0.035,0.04,0.02,0.45,0.3,0.12080514363576646,-0.025160738617702183,0.6988677667622034,FALSE,d_star_negative
559,2.5,0.08,0.035,0.05,0.02,0.25,0.325,NA,NA,NA,FALSE,kappa_star_out_of_bounds
560,2.5,0.08,0.035,0.05,0.02,0.35,0.325,0.18338119839130707,-1.6681624497283456,0.5999326897622244,FALSE,d_star_negative|omega_outside_target_band
561,2.5,0.08,0.035,0.05,0.02,0.45,0.325,0.12973326797683704,0.008335375723842603,0.6753750919075729,TRUE,ok
562,2.5,0.08,0.035,0.06,0.02,0.25,0.35000000000000003,NA,NA,NA,FALSE,kappa_star_out_of_bounds
563,2.5,0.08,0.035,0.06,0.02,0.35,0.35000000000000003,NA,NA,NA,FALSE,kappa_star_out_of_bounds
564,2.5,0.08,0.035,0.06,0.02,0.45,0.35000000000000003,0.13979741561574782,0.006330762007881324,0.6502848842903546,TRUE,ok
565,2.5,0.08,0.04,0.03,0.02,0.25,0.275,NA,NA,NA,FALSE,kappa_star_out_of_bounds
566,2.5,0.08,0.04,0.03,0.02,0.35,0.275,0.14079251438740387,-0.9622660746063701,0.6865093570157452,FALSE,d_star_negative
567,2.5,0.08,0.04,0.03,0.02,0.45,0.275,0.11254925237449709,-0.07966413670303374,0.7218134345318786,FALSE,d_star_negative|omega_outside_target_band
568,2.5,0.08,0.04,0.04,0.02,0.25,0.3,NA,NA,NA,FALSE,kappa_star_out_of_bounds
569,2.5,0.08,0.04,0.04,0.02,0.35,0.3,0.1574255532580368,-1.1695485393136509,0.6532180584274541,FALSE,d_star_negative
570,2.5,0.08,0.04,0.04,0.02,0.45,0.3,0.12080514363576646,-0.025160738617702183,0.6989935704552919,FALSE,d_star_negative
571,2.5,0.08,0.04,0.05,0.02,0.25,0.325,NA,NA,NA,FALSE,kappa_star_out_of_bounds
572,2.5,0.08,0.04,0.05,0.02,0.35,0.325,0.18338119839130707,-1.6681624497283456,0.608273502010866,FALSE,d_star_negative|omega_outside_target_band
573,2.5,0.08,0.04,0.05,0.02,0.45,0.325,0.12973326797683704,0.008335375723842603,0.6753334150289537,TRUE,ok
574,2.5,0.08,0.04,0.06,0.02,0.25,0.35000000000000003,NA,NA,NA,FALSE,kappa_star_out_of_bounds
575,2.5,0.08,0.04,0.06,0.02,0.35,0.35000000000000003,NA,NA,NA,FALSE,kappa_star_out_of_bounds
576,2.5,0.08,0.04,0.06,0.02,0.45,0.35000000000000003,0.13979741561574782,0.006330762007881324,0.6502532304803152,TRUE,ok
